"Tumor_Sample_Barcode","variant_type","neoantigens"
"TCGA-3L-AA1B-01A-11D-A36X-10","missense",4
"TCGA-4N-A93T-01A-11D-A36X-10","FS",1
"TCGA-4N-A93T-01A-11D-A36X-10","missense",15
"TCGA-5M-AAT4-01A-11D-A40P-10","FS",4
"TCGA-5M-AAT4-01A-11D-A40P-10","missense",13
"TCGA-5M-AAT6-01A-11D-A40P-10","FS",4
"TCGA-5M-AAT6-01A-11D-A40P-10","missense",7
"TCGA-5M-AATE-01A-11D-A40P-10","missense",16
"TCGA-A6-2671-01A-01D-1408-10","FS",3
"TCGA-A6-2671-01A-01D-1408-10","inframe_del",2
"TCGA-A6-2671-01A-01D-1408-10","missense",4
"TCGA-A6-2674-01A-02D-A270-10","missense",1
"TCGA-A6-2675-01A-02D-1719-10","FS",1
"TCGA-A6-2675-01A-02D-1719-10","missense",4
"TCGA-A6-2679-01A-02D-1408-10","missense",4
"TCGA-A6-2680-01A-01D-1408-10","FS",3
"TCGA-A6-2680-01A-01D-1408-10","missense",13
"TCGA-A6-2681-01A-01D-1408-10","missense",7
"TCGA-A6-2682-01A-01D-1408-10","FS",1
"TCGA-A6-2682-01A-01D-1408-10","missense",7
"TCGA-A6-2684-01A-01D-A270-10","FS",1
"TCGA-A6-2684-01A-01D-A270-10","missense",14
"TCGA-A6-2686-01A-01D-1408-10","FS",86
"TCGA-A6-2686-01A-01D-1408-10","inframe_del",1
"TCGA-A6-2686-01A-01D-1408-10","missense",139
"TCGA-A6-3807-01A-01W-0995-10","missense",3
"TCGA-A6-3808-01A-01W-0995-10","FS",1
"TCGA-A6-3808-01A-01W-0995-10","missense",6
"TCGA-A6-3809-01A-01D-A270-10","FS",73
"TCGA-A6-3809-01A-01D-A270-10","inframe_del",2
"TCGA-A6-3809-01A-01D-A270-10","missense",114
"TCGA-A6-3810-01A-01D-A270-10","missense",7
"TCGA-A6-4105-01A-02D-1771-10","FS",1
"TCGA-A6-4105-01A-02D-1771-10","missense",20
"TCGA-A6-4107-01A-02D-1408-10","missense",11
"TCGA-A6-5656-01A-21D-A270-10","FS",1
"TCGA-A6-5656-01A-21D-A270-10","inframe_del",1
"TCGA-A6-5656-01A-21D-A270-10","missense",14
"TCGA-A6-5657-01A-01D-1650-10","missense",3
"TCGA-A6-5659-01A-01D-A270-10","FS",1
"TCGA-A6-5659-01A-01D-A270-10","inframe_del",1
"TCGA-A6-5659-01A-01D-A270-10","missense",21
"TCGA-A6-5660-01A-01D-1650-10","FS",1
"TCGA-A6-5660-01A-01D-1650-10","inframe_ins",1
"TCGA-A6-5660-01A-01D-1650-10","missense",8
"TCGA-A6-5661-01A-01D-1650-10","FS",48
"TCGA-A6-5661-01A-01D-1650-10","inframe_del",2
"TCGA-A6-5661-01A-01D-1650-10","missense",145
"TCGA-A6-5662-01A-01D-1650-10","FS",1
"TCGA-A6-5662-01A-01D-1650-10","missense",9
"TCGA-A6-5664-01A-21D-1835-10","missense",2
"TCGA-A6-5665-01A-01D-1650-10","FS",135
"TCGA-A6-5665-01A-01D-1650-10","inframe_del",1
"TCGA-A6-5665-01A-01D-1650-10","missense",310
"TCGA-A6-5666-01A-01D-1650-10","FS",3
"TCGA-A6-5666-01A-01D-1650-10","missense",8
"TCGA-A6-5667-01A-21D-1719-10","inframe_del",1
"TCGA-A6-5667-01A-21D-1719-10","missense",4
"TCGA-A6-6137-01A-11D-1771-10","missense",5
"TCGA-A6-6138-01A-11D-1771-10","FS",2
"TCGA-A6-6138-01A-11D-1771-10","inframe_del",1
"TCGA-A6-6138-01A-11D-1771-10","missense",10
"TCGA-A6-6142-01A-11D-1771-10","FS",1
"TCGA-A6-6142-01A-11D-1771-10","missense",6
"TCGA-A6-6648-01A-11D-1771-10","missense",8
"TCGA-A6-6649-01A-11D-1771-10","missense",2
"TCGA-A6-6650-01A-11D-1771-10","FS",1
"TCGA-A6-6650-01A-11D-1771-10","missense",13
"TCGA-A6-6651-01A-21D-1835-10","missense",5
"TCGA-A6-6652-01A-11D-1771-10","missense",9
"TCGA-A6-6653-01A-11D-1771-10","FS",79
"TCGA-A6-6653-01A-11D-1771-10","inframe_del",1
"TCGA-A6-6653-01A-11D-1771-10","missense",185
"TCGA-A6-6654-01A-21D-1835-10","missense",2
"TCGA-A6-6780-01A-11D-A270-10","FS",64
"TCGA-A6-6780-01A-11D-A270-10","inframe_del",1
"TCGA-A6-6780-01A-11D-A270-10","missense",125
"TCGA-A6-6781-01A-22D-A270-10","FS",24
"TCGA-A6-6781-01A-22D-A270-10","missense",44
"TCGA-A6-6782-01A-11D-1835-10","missense",8
"TCGA-A6-A566-01A-11D-A28G-10","FS",1
"TCGA-A6-A566-01A-11D-A28G-10","missense",4
"TCGA-A6-A567-01A-31D-A28G-10","missense",2
"TCGA-A6-A56B-01A-31D-A28G-10","FS",1
"TCGA-A6-A56B-01A-31D-A28G-10","missense",10
"TCGA-A6-A5ZU-01A-11D-A28G-10","FS",1
"TCGA-A6-A5ZU-01A-11D-A28G-10","missense",7
"TCGA-AA-3488-01A-01D-1408-10","missense",5
"TCGA-AA-3489-01A-21D-1835-10","missense",3
"TCGA-AA-3492-01A-01D-1408-10","FS",145
"TCGA-AA-3492-01A-01D-1408-10","inframe_del",5
"TCGA-AA-3492-01A-01D-1408-10","missense",320
"TCGA-AA-3494-01A-01D-1408-10","missense",13
"TCGA-AA-3495-01A-01D-1408-10","FS",1
"TCGA-AA-3495-01A-01D-1408-10","missense",5
"TCGA-AA-3496-01A-21D-1835-10","FS",1
"TCGA-AA-3496-01A-21D-1835-10","missense",17
"TCGA-AA-3502-01A-01D-1408-10","FS",1
"TCGA-AA-3502-01A-01D-1408-10","missense",13
"TCGA-AA-3506-01A-01D-2188-10","FS",1
"TCGA-AA-3506-01A-01D-2188-10","missense",17
"TCGA-AA-3509-01A-01D-1408-10","FS",1
"TCGA-AA-3509-01A-01D-1408-10","missense",14
"TCGA-AA-3510-01A-01D-1408-10","FS",3
"TCGA-AA-3510-01A-01D-1408-10","missense",404
"TCGA-AA-3511-01A-21D-1835-10","missense",15
"TCGA-AA-3530-01A-01W-0995-10","missense",7
"TCGA-AA-3655-01A-02D-1719-10","FS",2
"TCGA-AA-3655-01A-02D-1719-10","missense",13
"TCGA-AA-3660-01A-01D-1719-10","FS",2
"TCGA-AA-3660-01A-01D-1719-10","missense",19
"TCGA-AA-3662-01A-01D-1719-10","missense",8
"TCGA-AA-3663-01A-01D-1719-10","FS",89
"TCGA-AA-3663-01A-01D-1719-10","inframe_del",2
"TCGA-AA-3663-01A-01D-1719-10","missense",199
"TCGA-AA-3664-01A-01W-0900-09","missense",20
"TCGA-AA-3666-01A-02W-0900-09","FS",1
"TCGA-AA-3666-01A-02W-0900-09","missense",7
"TCGA-AA-3667-01A-01W-0900-09","FS",1
"TCGA-AA-3667-01A-01W-0900-09","missense",14
"TCGA-AA-3672-01A-01W-0900-09","FS",89
"TCGA-AA-3672-01A-01W-0900-09","inframe_del",1
"TCGA-AA-3672-01A-01W-0900-09","missense",223
"TCGA-AA-3673-01A-01W-0900-09","missense",8
"TCGA-AA-3675-01A-02W-0900-09","FS",1
"TCGA-AA-3675-01A-02W-0900-09","missense",16
"TCGA-AA-3678-01A-01W-0900-09","FS",1
"TCGA-AA-3678-01A-01W-0900-09","missense",16
"TCGA-AA-3679-01A-02W-0900-09","FS",1
"TCGA-AA-3679-01A-02W-0900-09","missense",9
"TCGA-AA-3680-01A-01W-0900-09","FS",3
"TCGA-AA-3680-01A-01W-0900-09","missense",20
"TCGA-AA-3681-01A-01W-0900-09","missense",10
"TCGA-AA-3684-01A-02W-0900-09","missense",2
"TCGA-AA-3685-01A-02W-0900-09","FS",2
"TCGA-AA-3685-01A-02W-0900-09","missense",7
"TCGA-AA-3688-01A-01W-0900-09","missense",7
"TCGA-AA-3692-01A-01W-0900-09","FS",2
"TCGA-AA-3692-01A-01W-0900-09","missense",11
"TCGA-AA-3693-01A-01W-0900-09","missense",19
"TCGA-AA-3696-01A-01W-0900-09","FS",1
"TCGA-AA-3696-01A-01W-0900-09","missense",11
"TCGA-AA-3697-01A-01D-1719-10","missense",13
"TCGA-AA-3712-01A-21D-1719-10","missense",7
"TCGA-AA-3713-01A-21D-1719-10","FS",46
"TCGA-AA-3713-01A-21D-1719-10","missense",108
"TCGA-AA-3715-01A-01W-0900-09","FS",72
"TCGA-AA-3715-01A-01W-0900-09","missense",85
"TCGA-AA-3811-01A-01D-1981-10","FS",26
"TCGA-AA-3811-01A-01D-1981-10","inframe_del",1
"TCGA-AA-3811-01A-01D-1981-10","missense",84
"TCGA-AA-3812-01A-01W-0900-09","missense",5
"TCGA-AA-3814-01A-01W-0900-09","FS",1
"TCGA-AA-3814-01A-01W-0900-09","missense",10
"TCGA-AA-3815-01A-01W-0995-10","FS",53
"TCGA-AA-3815-01A-01W-0995-10","inframe_del",2
"TCGA-AA-3815-01A-01W-0995-10","missense",160
"TCGA-AA-3818-01A-01W-0900-09","FS",1
"TCGA-AA-3818-01A-01W-0900-09","missense",15
"TCGA-AA-3819-01A-01W-0900-09","missense",26
"TCGA-AA-3821-01A-01W-0995-10","FS",61
"TCGA-AA-3821-01A-01W-0995-10","inframe_del",4
"TCGA-AA-3821-01A-01W-0995-10","missense",133
"TCGA-AA-3831-01A-01W-0900-09","FS",2
"TCGA-AA-3831-01A-01W-0900-09","missense",16
"TCGA-AA-3833-01A-01W-0900-09","FS",5
"TCGA-AA-3833-01A-01W-0900-09","missense",11
"TCGA-AA-3837-01A-01W-0900-09","FS",1
"TCGA-AA-3837-01A-01W-0900-09","missense",4
"TCGA-AA-3841-01A-01W-0900-09","FS",1
"TCGA-AA-3841-01A-01W-0900-09","inframe_del",1
"TCGA-AA-3841-01A-01W-0900-09","missense",8
"TCGA-AA-3842-01A-01W-0995-10","missense",9
"TCGA-AA-3844-01A-01W-0995-10","missense",13
"TCGA-AA-3845-01A-01D-1981-10","FS",40
"TCGA-AA-3845-01A-01D-1981-10","inframe_del",1
"TCGA-AA-3845-01A-01D-1981-10","missense",67
"TCGA-AA-3846-01A-01W-0995-10","missense",4
"TCGA-AA-3848-01A-01W-0900-09","inframe_del",1
"TCGA-AA-3848-01A-01W-0900-09","missense",20
"TCGA-AA-3850-01A-01W-0995-10","FS",1
"TCGA-AA-3850-01A-01W-0995-10","missense",6
"TCGA-AA-3851-01A-01W-0995-10","missense",9
"TCGA-AA-3852-01A-01W-0900-09","FS",2
"TCGA-AA-3852-01A-01W-0900-09","missense",23
"TCGA-AA-3854-01A-01W-0900-09","FS",1
"TCGA-AA-3854-01A-01W-0900-09","missense",16
"TCGA-AA-3855-01A-01W-0995-10","FS",3
"TCGA-AA-3855-01A-01W-0995-10","missense",20
"TCGA-AA-3856-01A-01W-0900-09","FS",3
"TCGA-AA-3856-01A-01W-0900-09","missense",8
"TCGA-AA-3858-01A-01W-0900-09","FS",2
"TCGA-AA-3858-01A-01W-0900-09","missense",5
"TCGA-AA-3860-01A-02W-0900-09","FS",4
"TCGA-AA-3860-01A-02W-0900-09","missense",1
"TCGA-AA-3861-01A-01W-0995-10","missense",9
"TCGA-AA-3862-01A-01W-0995-10","missense",5
"TCGA-AA-3864-01A-01D-1981-10","FS",14
"TCGA-AA-3864-01A-01D-1981-10","missense",301
"TCGA-AA-3866-01A-01W-0995-10","FS",1
"TCGA-AA-3866-01A-01W-0995-10","missense",4
"TCGA-AA-3867-01A-01W-0995-10","FS",2
"TCGA-AA-3867-01A-01W-0995-10","missense",8
"TCGA-AA-3869-01A-01W-0995-10","FS",1
"TCGA-AA-3869-01A-01W-0995-10","missense",7
"TCGA-AA-3870-01A-01W-0995-10","missense",14
"TCGA-AA-3872-01A-01W-0995-10","FS",1
"TCGA-AA-3872-01A-01W-0995-10","missense",1
"TCGA-AA-3875-01A-01W-0900-09","FS",1
"TCGA-AA-3875-01A-01W-0900-09","missense",17
"TCGA-AA-3877-01A-01W-0995-10","FS",38
"TCGA-AA-3877-01A-01W-0995-10","missense",168
"TCGA-AA-3930-01A-01W-0995-10","FS",1
"TCGA-AA-3930-01A-01W-0995-10","missense",11
"TCGA-AA-3939-01A-01W-0995-10","missense",7
"TCGA-AA-3941-01A-01W-0995-10","FS",2
"TCGA-AA-3941-01A-01W-0995-10","missense",12
"TCGA-AA-3947-01A-01D-1981-10","FS",69
"TCGA-AA-3947-01A-01D-1981-10","inframe_del",1
"TCGA-AA-3947-01A-01D-1981-10","inframe_ins",1
"TCGA-AA-3947-01A-01D-1981-10","missense",109
"TCGA-AA-3949-01A-01W-0995-10","FS",20
"TCGA-AA-3949-01A-01W-0995-10","missense",70
"TCGA-AA-3950-01A-02W-0995-10","FS",12
"TCGA-AA-3950-01A-02W-0995-10","missense",41
"TCGA-AA-3952-01A-01W-0995-10","FS",1
"TCGA-AA-3952-01A-01W-0995-10","missense",9
"TCGA-AA-3955-01A-02W-0995-10","FS",5
"TCGA-AA-3955-01A-02W-0995-10","missense",17
"TCGA-AA-3956-01A-02W-0995-10","FS",1
"TCGA-AA-3956-01A-02W-0995-10","missense",11
"TCGA-AA-3966-01A-01D-1981-10","FS",63
"TCGA-AA-3966-01A-01D-1981-10","missense",84
"TCGA-AA-3968-01A-01W-0995-10","FS",1
"TCGA-AA-3968-01A-01W-0995-10","missense",5
"TCGA-AA-3971-01A-01W-0995-10","FS",1
"TCGA-AA-3971-01A-01W-0995-10","missense",3
"TCGA-AA-3972-01A-01W-0995-10","FS",3
"TCGA-AA-3972-01A-01W-0995-10","missense",13
"TCGA-AA-3973-01A-01W-0995-10","missense",12
"TCGA-AA-3975-01A-01W-0995-10","missense",12
"TCGA-AA-3976-01A-01W-0995-10","missense",6
"TCGA-AA-3977-01A-01D-1981-10","FS",1
"TCGA-AA-3977-01A-01D-1981-10","missense",424
"TCGA-AA-3979-01A-01W-0995-10","FS",3
"TCGA-AA-3979-01A-01W-0995-10","missense",11
"TCGA-AA-3980-01A-02W-0995-10","inframe_ins",1
"TCGA-AA-3980-01A-02W-0995-10","missense",14
"TCGA-AA-3982-01A-02W-0995-10","missense",13
"TCGA-AA-3984-01A-02D-1981-10","missense",337
"TCGA-AA-3986-01A-02W-0995-10","missense",5
"TCGA-AA-3989-01A-01W-0995-10","missense",12
"TCGA-AA-3994-01A-01W-1073-09","FS",2
"TCGA-AA-3994-01A-01W-1073-09","missense",21
"TCGA-AA-A004-01A-01W-A00E-09","missense",2
"TCGA-AA-A00N-01A-02D-A17O-10","FS",1
"TCGA-AA-A00N-01A-02D-A17O-10","missense",184
"TCGA-AA-A00O-01A-02W-A00E-09","FS",2
"TCGA-AA-A00O-01A-02W-A00E-09","missense",4
"TCGA-AA-A010-01A-01D-A17O-10","FS",6
"TCGA-AA-A010-01A-01D-A17O-10","missense",953
"TCGA-AA-A017-01A-01W-A00E-09","inframe_del",1
"TCGA-AA-A017-01A-01W-A00E-09","missense",3
"TCGA-AA-A01C-01A-01W-A00E-09","FS",2
"TCGA-AA-A01C-01A-01W-A00E-09","missense",2
"TCGA-AA-A01D-01A-01W-A00E-09","missense",15
"TCGA-AA-A01I-01A-02W-A00E-09","missense",14
"TCGA-AA-A01K-01A-01W-A00E-09","FS",1
"TCGA-AA-A01K-01A-01W-A00E-09","missense",9
"TCGA-AA-A01P-01A-21D-A17O-10","FS",5
"TCGA-AA-A01P-01A-21D-A17O-10","missense",17
"TCGA-AA-A01R-01A-21D-A17O-10","FS",8
"TCGA-AA-A01R-01A-21D-A17O-10","missense",264
"TCGA-AA-A01S-01A-21W-A096-10","missense",6
"TCGA-AA-A01T-01A-21W-A096-10","missense",7
"TCGA-AA-A01V-01A-23W-A096-10","FS",2
"TCGA-AA-A01V-01A-23W-A096-10","missense",14
"TCGA-AA-A01X-01A-21W-A096-10","FS",2
"TCGA-AA-A01X-01A-21W-A096-10","missense",5
"TCGA-AA-A01Z-01A-11W-A096-10","FS",2
"TCGA-AA-A01Z-01A-11W-A096-10","missense",8
"TCGA-AA-A022-01A-21D-A17O-10","FS",102
"TCGA-AA-A022-01A-21D-A17O-10","inframe_del",1
"TCGA-AA-A022-01A-21D-A17O-10","missense",208
"TCGA-AA-A024-01A-02W-A00E-09","missense",8
"TCGA-AA-A029-01A-01W-A00E-09","FS",2
"TCGA-AA-A029-01A-01W-A00E-09","missense",9
"TCGA-AA-A02E-01A-01W-A00E-09","FS",1
"TCGA-AA-A02E-01A-01W-A00E-09","missense",15
"TCGA-AA-A02F-01A-01W-A00E-09","FS",1
"TCGA-AA-A02F-01A-01W-A00E-09","missense",5
"TCGA-AA-A02H-01A-01W-A00E-09","FS",2
"TCGA-AA-A02H-01A-01W-A00E-09","inframe_del",1
"TCGA-AA-A02H-01A-01W-A00E-09","missense",7
"TCGA-AA-A02J-01A-01W-A00E-09","FS",1
"TCGA-AA-A02J-01A-01W-A00E-09","missense",16
"TCGA-AA-A02K-01A-21W-A096-10","FS",3
"TCGA-AA-A02K-01A-21W-A096-10","inframe_del",1
"TCGA-AA-A02K-01A-21W-A096-10","missense",11
"TCGA-AA-A02O-01A-21W-A096-10","inframe_del",1
"TCGA-AA-A02O-01A-21W-A096-10","missense",13
"TCGA-AA-A02R-01A-01W-A00E-09","FS",112
"TCGA-AA-A02R-01A-01W-A00E-09","inframe_del",3
"TCGA-AA-A02R-01A-01W-A00E-09","missense",182
"TCGA-AA-A02W-01A-01W-A00E-09","inframe_del",1
"TCGA-AA-A02W-01A-01W-A00E-09","missense",9
"TCGA-AA-A02Y-01A-43W-A096-10","FS",1
"TCGA-AA-A02Y-01A-43W-A096-10","missense",8
"TCGA-AA-A03F-01A-11W-A096-10","FS",2
"TCGA-AA-A03F-01A-11W-A096-10","missense",12
"TCGA-AA-A03J-01A-21W-A096-10","missense",3
"TCGA-AD-5900-01A-11D-1650-10","FS",42
"TCGA-AD-5900-01A-11D-1650-10","inframe_del",2
"TCGA-AD-5900-01A-11D-1650-10","missense",136
"TCGA-AD-6548-01A-11D-1835-10","missense",7
"TCGA-AD-6888-01A-11D-1924-10","missense",12
"TCGA-AD-6889-01A-11D-1924-10","FS",135
"TCGA-AD-6889-01A-11D-1924-10","inframe_del",5
"TCGA-AD-6889-01A-11D-1924-10","missense",242
"TCGA-AD-6890-01A-11D-1924-10","FS",2
"TCGA-AD-6890-01A-11D-1924-10","missense",8
"TCGA-AD-6895-01A-11D-1924-10","FS",36
"TCGA-AD-6895-01A-11D-1924-10","missense",205
"TCGA-AD-6899-01A-11D-1924-10","FS",1
"TCGA-AD-6899-01A-11D-1924-10","inframe_del",1
"TCGA-AD-6899-01A-11D-1924-10","missense",23
"TCGA-AD-6901-01A-11D-1924-10","FS",1
"TCGA-AD-6901-01A-11D-1924-10","missense",29
"TCGA-AD-6963-01A-11D-1924-10","missense",5
"TCGA-AD-6964-01A-11D-1924-10","FS",20
"TCGA-AD-6964-01A-11D-1924-10","missense",87
"TCGA-AD-6965-01A-11D-1924-10","missense",14
"TCGA-AD-A5EJ-01A-11D-A28G-10","FS",115
"TCGA-AD-A5EJ-01A-11D-A28G-10","inframe_del",3
"TCGA-AD-A5EJ-01A-11D-A28G-10","missense",195
"TCGA-AD-A5EK-01A-11D-A28G-10","inframe_del",1
"TCGA-AD-A5EK-01A-11D-A28G-10","missense",16
"TCGA-AF-2687-01A-02D-1733-10","missense",1
"TCGA-AF-2693-01A-02D-1733-10","missense",3
"TCGA-AF-3911-01A-01D-1733-10","missense",1
"TCGA-AF-3913-01A-02W-1073-09","missense",3
"TCGA-AF-6136-01A-11D-1826-10","missense",5
"TCGA-AF-6655-01A-11D-1826-10","missense",3
"TCGA-AF-6672-01A-11D-1826-10","FS",1
"TCGA-AF-6672-01A-11D-1826-10","missense",1
"TCGA-AF-A56K-01A-32D-A38X-10","missense",1
"TCGA-AF-A56L-01A-31D-A38X-10","missense",3
"TCGA-AF-A56N-01A-12D-A38X-10","FS",1
"TCGA-AF-A56N-01A-12D-A38X-10","missense",1
"TCGA-AG-3592-01A-02D-1733-10","missense",4
"TCGA-AG-3725-01A-11D-1733-10","missense",2
"TCGA-AG-3726-01A-02W-0899-10","missense",1
"TCGA-AG-3727-01A-01W-0899-10","FS",1
"TCGA-AG-3727-01A-01W-0899-10","missense",4
"TCGA-AG-3728-01A-01W-0899-10","missense",3
"TCGA-AG-3731-01A-11D-1733-10","missense",1
"TCGA-AG-3742-01A-11D-1657-10","missense",4
"TCGA-AG-3881-01A-01W-0899-10","missense",3
"TCGA-AG-3882-01A-01W-0899-10","FS",1
"TCGA-AG-3883-01A-02W-0899-10","FS",1
"TCGA-AG-3883-01A-02W-0899-10","missense",1
"TCGA-AG-3887-01A-01W-1073-09","missense",3
"TCGA-AG-3890-01A-01W-1073-09","missense",3
"TCGA-AG-3892-01A-01D-1989-10","missense",7
"TCGA-AG-3893-01A-01W-1073-09","missense",3
"TCGA-AG-3894-01A-01W-1073-09","FS",1
"TCGA-AG-3896-01A-01W-1073-09","missense",1
"TCGA-AG-3902-01A-01W-1073-09","missense",2
"TCGA-AG-3909-01A-01W-1073-09","missense",4
"TCGA-AG-3999-01A-01W-1073-09","missense",1
"TCGA-AG-4001-01A-02W-1073-09","missense",1
"TCGA-AG-4005-01A-01W-1073-09","missense",1
"TCGA-AG-4007-01A-01W-1073-09","missense",1
"TCGA-AG-4008-01A-01W-1073-09","missense",1
"TCGA-AG-4015-01A-01W-1073-09","missense",3
"TCGA-AG-4021-01A-01D-1733-10","missense",6
"TCGA-AG-4022-01A-01D-1733-10","FS",1
"TCGA-AG-A00H-01A-01W-A00E-09","missense",2
"TCGA-AG-A00Y-01A-02W-A00K-09","missense",1
"TCGA-AG-A014-01A-02W-A00K-09","missense",3
"TCGA-AG-A016-01A-01W-A00K-09","missense",1
"TCGA-AG-A01N-01A-01W-A00E-09","missense",3
"TCGA-AG-A01W-01A-21W-A096-10","missense",1
"TCGA-AG-A01Y-01A-41W-A096-10","missense",1
"TCGA-AG-A020-01A-21W-A096-10","missense",1
"TCGA-AG-A023-01A-01W-A00E-09","missense",1
"TCGA-AG-A025-01A-01W-A00E-09","missense",3
"TCGA-AG-A026-01A-32W-A096-10","missense",8
"TCGA-AG-A02G-01A-01W-A00E-09","missense",1
"TCGA-AG-A02N-01A-11D-A183-10","FS",11
"TCGA-AG-A02N-01A-11D-A183-10","missense",29
"TCGA-AG-A02X-01A-01W-A00E-09","missense",2
"TCGA-AG-A032-01A-01W-A00E-09","inframe_ins",1
"TCGA-AG-A032-01A-01W-A00E-09","missense",2
"TCGA-AG-A036-01A-12W-A096-10","missense",1
"TCGA-AH-6549-01A-11D-1826-10","missense",1
"TCGA-AH-6643-01A-11D-1826-10","missense",2
"TCGA-AH-6644-01A-21D-1826-10","missense",5
"TCGA-AH-6897-01A-11D-1924-10","missense",1
"TCGA-AM-5820-01A-01D-1650-10","missense",13
"TCGA-AM-5821-01A-01D-1650-10","FS",23
"TCGA-AM-5821-01A-01D-1650-10","missense",50
"TCGA-AU-3779-01A-01D-1719-10","missense",6
"TCGA-AU-6004-01A-11D-1719-10","FS",17
"TCGA-AU-6004-01A-11D-1719-10","inframe_del",1
"TCGA-AU-6004-01A-11D-1719-10","missense",45
"TCGA-AY-4070-01A-01W-1073-09","inframe_del",1
"TCGA-AY-4070-01A-01W-1073-09","missense",7
"TCGA-AY-4071-01A-01W-1073-09","FS",1
"TCGA-AY-4071-01A-01W-1073-09","missense",6
"TCGA-AY-5543-01A-01D-1650-10","FS",1
"TCGA-AY-5543-01A-01D-1650-10","inframe_del",1
"TCGA-AY-5543-01A-01D-1650-10","missense",8
"TCGA-AY-6196-01A-11D-1719-10","missense",8
"TCGA-AY-6197-01A-11D-1719-10","FS",58
"TCGA-AY-6197-01A-11D-1719-10","missense",135
"TCGA-AY-6386-01A-21D-1719-10","FS",2
"TCGA-AY-6386-01A-21D-1719-10","missense",8
"TCGA-AY-A54L-01A-11D-A28G-10","FS",3
"TCGA-AY-A54L-01A-11D-A28G-10","missense",9
"TCGA-AY-A69D-01A-11D-A36X-10","FS",1
"TCGA-AY-A69D-01A-11D-A36X-10","missense",14
"TCGA-AY-A71X-01A-12D-A36X-10","FS",2
"TCGA-AY-A71X-01A-12D-A36X-10","missense",14
"TCGA-AY-A8YK-01A-11D-A40P-10","missense",3
"TCGA-AZ-4308-01A-01D-1408-10","missense",8
"TCGA-AZ-4313-01A-01D-1408-10","FS",34
"TCGA-AZ-4313-01A-01D-1408-10","inframe_del",2
"TCGA-AZ-4313-01A-01D-1408-10","missense",83
"TCGA-AZ-4315-01A-01D-1408-10","FS",2
"TCGA-AZ-4315-01A-01D-1408-10","missense",878
"TCGA-AZ-4323-01A-21D-1835-10","missense",1
"TCGA-AZ-4614-01A-01D-1408-10","inframe_del",2
"TCGA-AZ-4614-01A-01D-1408-10","missense",26
"TCGA-AZ-4615-01A-01D-1408-10","FS",60
"TCGA-AZ-4615-01A-01D-1408-10","inframe_del",1
"TCGA-AZ-4615-01A-01D-1408-10","missense",80
"TCGA-AZ-4616-01A-21D-1835-10","FS",1
"TCGA-AZ-4616-01A-21D-1835-10","missense",7
"TCGA-AZ-4682-01B-01D-1408-10","FS",1
"TCGA-AZ-4682-01B-01D-1408-10","missense",6
"TCGA-AZ-4684-01A-01D-1408-10","missense",7
"TCGA-AZ-5403-01A-01D-1650-10","FS",1
"TCGA-AZ-5403-01A-01D-1650-10","missense",3
"TCGA-AZ-5407-01A-01D-1719-10","missense",6
"TCGA-AZ-6598-01A-11D-1771-10","FS",162
"TCGA-AZ-6598-01A-11D-1771-10","inframe_del",2
"TCGA-AZ-6598-01A-11D-1771-10","missense",248
"TCGA-AZ-6599-01A-11D-1771-10","FS",1
"TCGA-AZ-6599-01A-11D-1771-10","inframe_del",1
"TCGA-AZ-6599-01A-11D-1771-10","missense",51
"TCGA-AZ-6600-01A-11D-1771-10","missense",7
"TCGA-AZ-6601-01A-11D-1771-10","FS",6
"TCGA-AZ-6601-01A-11D-1771-10","missense",120
"TCGA-AZ-6603-01A-11D-1835-10","FS",2
"TCGA-AZ-6603-01A-11D-1835-10","missense",11
"TCGA-AZ-6605-01A-11D-1835-10","missense",4
"TCGA-AZ-6606-01A-11D-1835-10","FS",3
"TCGA-AZ-6606-01A-11D-1835-10","missense",3
"TCGA-AZ-6607-01A-11D-1835-10","missense",4
"TCGA-AZ-6608-01A-11D-1835-10","FS",2
"TCGA-AZ-6608-01A-11D-1835-10","missense",23
"TCGA-BM-6198-01A-11D-1733-10","missense",6
"TCGA-CA-5254-01A-21D-1835-10","FS",3
"TCGA-CA-5254-01A-21D-1835-10","missense",21
"TCGA-CA-5255-01A-11D-1835-10","missense",5
"TCGA-CA-5256-01A-01D-1408-10","FS",1
"TCGA-CA-5256-01A-01D-1408-10","missense",7
"TCGA-CA-5796-01A-01D-1650-10","missense",6
"TCGA-CA-5797-01A-01D-1650-10","FS",3
"TCGA-CA-5797-01A-01D-1650-10","missense",5
"TCGA-CA-6715-01A-21D-1835-10","missense",5
"TCGA-CA-6716-01A-11D-1835-10","FS",3
"TCGA-CA-6716-01A-11D-1835-10","missense",17
"TCGA-CA-6717-01A-11D-1835-10","FS",1
"TCGA-CA-6717-01A-11D-1835-10","missense",177
"TCGA-CA-6718-01A-11D-1835-10","missense",340
"TCGA-CA-6719-01A-11D-1835-10","missense",19
"TCGA-CI-6620-01A-11D-1826-10","missense",1
"TCGA-CI-6622-01A-11D-1826-10","missense",3
"TCGA-CI-6624-01C-11D-1826-10","missense",1
"TCGA-CK-4947-01B-11D-1650-10","FS",1
"TCGA-CK-4947-01B-11D-1650-10","missense",17
"TCGA-CK-4948-01B-11D-1650-10","missense",6
"TCGA-CK-4950-01A-01D-1719-10","missense",9
"TCGA-CK-4951-01A-01D-1408-10","FS",80
"TCGA-CK-4951-01A-01D-1408-10","missense",649
"TCGA-CK-4952-01A-01D-1719-10","FS",3
"TCGA-CK-4952-01A-01D-1719-10","missense",24
"TCGA-CK-5912-01A-11D-1650-10","FS",1
"TCGA-CK-5912-01A-11D-1650-10","missense",9
"TCGA-CK-5913-01A-11D-1650-10","FS",48
"TCGA-CK-5913-01A-11D-1650-10","missense",116
"TCGA-CK-5914-01A-11D-1650-10","missense",7
"TCGA-CK-5915-01A-11D-1650-10","FS",2
"TCGA-CK-5915-01A-11D-1650-10","missense",6
"TCGA-CK-5916-01A-11D-1650-10","FS",91
"TCGA-CK-5916-01A-11D-1650-10","inframe_del",4
"TCGA-CK-5916-01A-11D-1650-10","missense",200
"TCGA-CK-6746-01A-11D-1835-10","FS",79
"TCGA-CK-6746-01A-11D-1835-10","inframe_del",1
"TCGA-CK-6746-01A-11D-1835-10","missense",138
"TCGA-CK-6747-01A-11D-1835-10","FS",8
"TCGA-CK-6747-01A-11D-1835-10","inframe_del",1
"TCGA-CK-6747-01A-11D-1835-10","missense",11
"TCGA-CK-6748-01A-11D-1835-10","FS",3
"TCGA-CK-6748-01A-11D-1835-10","missense",7
"TCGA-CK-6751-01A-11D-1835-10","FS",4
"TCGA-CK-6751-01A-11D-1835-10","missense",21
"TCGA-CL-5917-01A-11D-1657-10","missense",1
"TCGA-CL-5918-01A-11D-1657-10","missense",1
"TCGA-CM-4743-01A-01D-1719-10","FS",11
"TCGA-CM-4743-01A-01D-1719-10","missense",36
"TCGA-CM-4744-01A-01D-1408-10","missense",4
"TCGA-CM-4746-01A-01D-1408-10","FS",42
"TCGA-CM-4746-01A-01D-1408-10","inframe_del",1
"TCGA-CM-4746-01A-01D-1408-10","missense",113
"TCGA-CM-4747-01A-01D-1408-10","FS",1
"TCGA-CM-4747-01A-01D-1408-10","inframe_del",1
"TCGA-CM-4747-01A-01D-1408-10","missense",3
"TCGA-CM-4748-01A-01D-1408-10","missense",7
"TCGA-CM-4750-01A-01D-1408-10","FS",2
"TCGA-CM-4750-01A-01D-1408-10","missense",9
"TCGA-CM-4751-01A-02D-1835-10","FS",1
"TCGA-CM-4751-01A-02D-1835-10","missense",4
"TCGA-CM-4752-01A-01D-1408-10","missense",5
"TCGA-CM-5341-01A-01D-1408-10","missense",11
"TCGA-CM-5344-01A-21D-1719-10","missense",4
"TCGA-CM-5348-01A-21D-1719-10","missense",12
"TCGA-CM-5349-01A-21D-1719-10","FS",1
"TCGA-CM-5349-01A-21D-1719-10","missense",8
"TCGA-CM-5860-01A-01D-1650-10","FS",1
"TCGA-CM-5860-01A-01D-1650-10","missense",9
"TCGA-CM-5861-01A-01D-1650-10","FS",75
"TCGA-CM-5861-01A-01D-1650-10","inframe_del",1
"TCGA-CM-5861-01A-01D-1650-10","missense",130
"TCGA-CM-5862-01A-01D-1650-10","FS",1
"TCGA-CM-5862-01A-01D-1650-10","missense",5
"TCGA-CM-5863-01A-21D-1835-10","missense",2
"TCGA-CM-5864-01A-01D-1650-10","inframe_del",1
"TCGA-CM-5864-01A-01D-1650-10","missense",17
"TCGA-CM-5868-01A-01D-1650-10","FS",2
"TCGA-CM-5868-01A-01D-1650-10","missense",1
"TCGA-CM-6161-01A-11D-1650-10","missense",11
"TCGA-CM-6162-01A-11D-1650-10","FS",7
"TCGA-CM-6162-01A-11D-1650-10","inframe_del",1
"TCGA-CM-6162-01A-11D-1650-10","missense",77
"TCGA-CM-6163-01A-11D-1650-10","missense",9
"TCGA-CM-6164-01A-11D-1650-10","missense",3
"TCGA-CM-6165-01A-11D-1650-10","FS",2
"TCGA-CM-6165-01A-11D-1650-10","missense",19
"TCGA-CM-6166-01A-11D-1650-10","missense",9
"TCGA-CM-6168-01A-11D-1650-10","missense",2
"TCGA-CM-6169-01A-11D-1650-10","missense",12
"TCGA-CM-6170-01A-11D-1650-10","missense",11
"TCGA-CM-6171-01A-11D-1650-10","FS",78
"TCGA-CM-6171-01A-11D-1650-10","inframe_del",2
"TCGA-CM-6171-01A-11D-1650-10","missense",159
"TCGA-CM-6172-01A-11D-1650-10","FS",1
"TCGA-CM-6172-01A-11D-1650-10","missense",9
"TCGA-CM-6674-01A-11D-1835-10","FS",18
"TCGA-CM-6674-01A-11D-1835-10","inframe_del",2
"TCGA-CM-6674-01A-11D-1835-10","missense",49
"TCGA-CM-6675-01A-11D-1835-10","FS",1
"TCGA-CM-6675-01A-11D-1835-10","missense",10
"TCGA-CM-6676-01A-11D-1835-10","missense",9
"TCGA-CM-6677-01A-11D-1835-10","FS",3
"TCGA-CM-6677-01A-11D-1835-10","missense",12
"TCGA-CM-6678-01A-11D-1835-10","FS",2
"TCGA-CM-6678-01A-11D-1835-10","missense",11
"TCGA-CM-6679-01A-11D-1835-10","FS",1
"TCGA-CM-6679-01A-11D-1835-10","missense",4
"TCGA-CM-6680-01A-11D-1835-10","FS",2
"TCGA-CM-6680-01A-11D-1835-10","missense",11
"TCGA-D5-5537-01A-21D-1924-10","FS",2
"TCGA-D5-5537-01A-21D-1924-10","missense",19
"TCGA-D5-5538-01A-01D-1650-10","missense",22
"TCGA-D5-5539-01A-01D-1650-10","FS",1
"TCGA-D5-5539-01A-01D-1650-10","missense",7
"TCGA-D5-5540-01A-01D-1650-10","missense",17
"TCGA-D5-5541-01A-01D-1650-10","missense",7
"TCGA-D5-6530-01A-11D-1719-10","FS",108
"TCGA-D5-6530-01A-11D-1719-10","missense",163
"TCGA-D5-6531-01A-11D-1719-10","FS",1
"TCGA-D5-6531-01A-11D-1719-10","missense",16
"TCGA-D5-6532-01A-11D-1719-10","FS",1
"TCGA-D5-6532-01A-11D-1719-10","missense",11
"TCGA-D5-6533-01A-11D-1719-10","FS",2
"TCGA-D5-6533-01A-11D-1719-10","missense",13
"TCGA-D5-6534-01A-21D-1924-10","missense",3
"TCGA-D5-6535-01A-11D-1719-10","missense",15
"TCGA-D5-6536-01A-11D-1719-10","FS",2
"TCGA-D5-6536-01A-11D-1719-10","missense",12
"TCGA-D5-6537-01A-11D-1719-10","missense",8
"TCGA-D5-6538-01A-11D-1719-10","FS",1
"TCGA-D5-6538-01A-11D-1719-10","missense",20
"TCGA-D5-6539-01A-11D-1719-10","missense",1
"TCGA-D5-6540-01A-11D-1719-10","FS",93
"TCGA-D5-6540-01A-11D-1719-10","inframe_del",2
"TCGA-D5-6540-01A-11D-1719-10","missense",165
"TCGA-D5-6541-01A-11D-1719-10","missense",4
"TCGA-D5-6898-01A-11D-1924-10","FS",1
"TCGA-D5-6898-01A-11D-1924-10","missense",8
"TCGA-D5-6920-01A-11D-1924-10","FS",1
"TCGA-D5-6920-01A-11D-1924-10","missense",4
"TCGA-D5-6922-01A-11D-1924-10","FS",1
"TCGA-D5-6922-01A-11D-1924-10","missense",15
"TCGA-D5-6924-01A-11D-1924-10","FS",2
"TCGA-D5-6924-01A-11D-1924-10","missense",22
"TCGA-D5-6926-01A-11D-1924-10","missense",6
"TCGA-D5-6927-01A-21D-1924-10","FS",27
"TCGA-D5-6927-01A-21D-1924-10","missense",61
"TCGA-D5-6928-01A-11D-1924-10","FS",11
"TCGA-D5-6928-01A-11D-1924-10","missense",27
"TCGA-D5-6929-01A-31D-1924-10","missense",3
"TCGA-D5-6930-01A-11D-1924-10","FS",20
"TCGA-D5-6930-01A-11D-1924-10","missense",57
"TCGA-D5-6931-01A-11D-1924-10","missense",22
"TCGA-D5-6932-01A-11D-1924-10","FS",1
"TCGA-D5-6932-01A-11D-1924-10","missense",18
"TCGA-D5-7000-01A-11D-1924-10","FS",1
"TCGA-D5-7000-01A-11D-1924-10","missense",9
"TCGA-DC-4745-01A-01D-1733-10","missense",1
"TCGA-DC-5337-01A-01D-1657-10","missense",2
"TCGA-DC-5869-01A-01D-1657-10","missense",2
"TCGA-DC-6154-01A-31D-1924-10","missense",2
"TCGA-DC-6158-01A-11D-1657-10","missense",1
"TCGA-DC-6160-01A-11D-1657-10","missense",2
"TCGA-DC-6681-01A-11D-1826-10","missense",3
"TCGA-DC-6682-01A-11D-1826-10","missense",2
"TCGA-DC-6683-01A-11D-1826-10","missense",1
"TCGA-DM-A0X9-01A-11D-A152-10","FS",2
"TCGA-DM-A0X9-01A-11D-A152-10","missense",21
"TCGA-DM-A0XD-01A-12D-A152-10","FS",3
"TCGA-DM-A0XD-01A-12D-A152-10","missense",10
"TCGA-DM-A0XF-01A-11D-A152-10","missense",7
"TCGA-DM-A1D0-01A-11D-A152-10","FS",1
"TCGA-DM-A1D0-01A-11D-A152-10","inframe_del",1
"TCGA-DM-A1D0-01A-11D-A152-10","missense",15
"TCGA-DM-A1D4-01A-21D-A152-10","FS",1
"TCGA-DM-A1D4-01A-21D-A152-10","missense",15
"TCGA-DM-A1D6-01A-21D-A152-10","FS",1
"TCGA-DM-A1D6-01A-21D-A152-10","missense",5
"TCGA-DM-A1D7-01A-11D-A152-10","FS",1
"TCGA-DM-A1D7-01A-11D-A152-10","missense",8
"TCGA-DM-A1D8-01A-11D-A152-10","FS",1
"TCGA-DM-A1D8-01A-11D-A152-10","missense",15
"TCGA-DM-A1D9-01A-11D-A152-10","FS",4
"TCGA-DM-A1D9-01A-11D-A152-10","missense",12
"TCGA-DM-A1DA-01A-11D-A152-10","FS",1
"TCGA-DM-A1DA-01A-11D-A152-10","missense",27
"TCGA-DM-A1DB-01A-11D-A152-10","missense",6
"TCGA-DM-A1HA-01A-11D-A152-10","FS",1
"TCGA-DM-A1HA-01A-11D-A152-10","missense",7
"TCGA-DM-A1HB-01A-21D-A183-10","FS",67
"TCGA-DM-A1HB-01A-21D-A183-10","inframe_del",3
"TCGA-DM-A1HB-01A-21D-A183-10","missense",181
"TCGA-DM-A280-01A-12D-A16V-10","FS",1
"TCGA-DM-A280-01A-12D-A16V-10","missense",3
"TCGA-DM-A282-01A-12D-A16V-10","FS",2
"TCGA-DM-A282-01A-12D-A16V-10","missense",12
"TCGA-DM-A285-01A-11D-A16V-10","FS",2
"TCGA-DM-A285-01A-11D-A16V-10","missense",12
"TCGA-DM-A288-01A-11D-A16V-10","FS",1
"TCGA-DM-A288-01A-11D-A16V-10","missense",8
"TCGA-DM-A28A-01A-21D-A16V-10","FS",2
"TCGA-DM-A28A-01A-21D-A16V-10","inframe_del",1
"TCGA-DM-A28A-01A-21D-A16V-10","missense",15
"TCGA-DM-A28C-01A-11D-A16V-10","FS",1
"TCGA-DM-A28C-01A-11D-A16V-10","missense",13
"TCGA-DM-A28E-01A-11D-A16V-10","FS",4
"TCGA-DM-A28E-01A-11D-A16V-10","missense",12
"TCGA-DM-A28F-01A-11D-A16V-10","FS",1
"TCGA-DM-A28F-01A-11D-A16V-10","missense",27
"TCGA-DM-A28G-01A-11D-A16V-10","missense",20
"TCGA-DM-A28H-01A-11D-A16V-10","FS",1
"TCGA-DM-A28H-01A-11D-A16V-10","missense",14
"TCGA-DM-A28K-01A-21D-A16V-10","FS",1
"TCGA-DM-A28K-01A-21D-A16V-10","missense",17
"TCGA-DM-A28M-01A-12D-A16V-10","FS",1
"TCGA-DM-A28M-01A-12D-A16V-10","missense",10
"TCGA-DT-5265-01A-21D-1826-10","missense",1
"TCGA-DY-A0XA-01A-11D-A152-10","missense",3
"TCGA-DY-A1DC-01A-31D-A152-10","missense",3
"TCGA-DY-A1DD-01A-21D-A152-10","missense",5
"TCGA-DY-A1DF-01A-11D-A152-10","missense",2
"TCGA-DY-A1DG-01A-11D-A152-10","FS",1
"TCGA-DY-A1DG-01A-11D-A152-10","missense",5
"TCGA-DY-A1H8-01A-21D-A152-10","missense",1
"TCGA-EF-5830-01A-01D-1657-10","missense",1
"TCGA-EF-5831-01A-01D-1811-10","missense",3
"TCGA-EI-6506-01A-11D-1733-10","missense",1
"TCGA-EI-6507-01A-11D-1733-10","FS",2
"TCGA-EI-6507-01A-11D-1733-10","missense",13
"TCGA-EI-6508-01A-11D-1733-10","FS",2
"TCGA-EI-6508-01A-11D-1733-10","inframe_del",1
"TCGA-EI-6508-01A-11D-1733-10","missense",1
"TCGA-EI-6510-01A-11D-1733-10","FS",1
"TCGA-EI-6510-01A-11D-1733-10","missense",2
"TCGA-EI-6512-01A-11D-1733-10","missense",3
"TCGA-EI-6513-01A-21D-1733-10","FS",1
"TCGA-EI-6513-01A-21D-1733-10","missense",1
"TCGA-EI-6514-01A-11D-1733-10","missense",1
"TCGA-EI-6882-01A-11D-1924-10","FS",4
"TCGA-EI-6882-01A-11D-1924-10","missense",35
"TCGA-EI-6884-01A-11D-1924-10","missense",2
"TCGA-EI-6885-01A-11D-1924-10","missense",1
"TCGA-EI-6917-01A-11D-1924-10","missense",101
"TCGA-EI-7002-01A-11D-1924-10","missense",4
"TCGA-EI-7004-01A-11D-1924-10","FS",1
"TCGA-EI-7004-01A-11D-1924-10","missense",4
"TCGA-F4-6459-01A-11D-1771-10","FS",3
"TCGA-F4-6459-01A-11D-1771-10","missense",8
"TCGA-F4-6460-01A-11D-1771-10","missense",13
"TCGA-F4-6461-01A-11D-1771-10","missense",17
"TCGA-F4-6463-01A-11D-1719-10","missense",12
"TCGA-F4-6569-01A-11D-1771-10","missense",2
"TCGA-F4-6570-01A-11D-1771-10","FS",57
"TCGA-F4-6570-01A-11D-1771-10","inframe_del",2
"TCGA-F4-6570-01A-11D-1771-10","missense",158
"TCGA-F4-6703-01A-11D-1835-10","FS",1
"TCGA-F4-6703-01A-11D-1835-10","missense",1
"TCGA-F4-6704-01A-11D-1835-10","missense",7
"TCGA-F4-6805-01A-11D-1835-10","missense",6
"TCGA-F4-6806-01A-11D-1835-10","missense",4
"TCGA-F4-6807-01A-11D-1835-10","inframe_del",1
"TCGA-F4-6807-01A-11D-1835-10","missense",4
"TCGA-F4-6808-01A-11D-1835-10","missense",6
"TCGA-F4-6809-01A-11D-1835-10","FS",1
"TCGA-F4-6809-01A-11D-1835-10","missense",6
"TCGA-F4-6854-01A-11D-1924-10","FS",2
"TCGA-F4-6854-01A-11D-1924-10","missense",18
"TCGA-F4-6855-01A-11D-1924-10","missense",7
"TCGA-F4-6856-01A-11D-1924-10","FS",61
"TCGA-F4-6856-01A-11D-1924-10","inframe_del",2
"TCGA-F4-6856-01A-11D-1924-10","missense",105
"TCGA-F5-6571-01A-12D-1826-10","FS",2
"TCGA-F5-6571-01A-12D-1826-10","missense",1
"TCGA-F5-6702-01A-11D-1826-10","missense",1
"TCGA-F5-6810-01A-11D-1826-10","missense",3
"TCGA-F5-6811-01A-11D-1826-10","missense",1
"TCGA-F5-6812-01A-11D-1826-10","missense",1
"TCGA-F5-6814-01A-31D-1924-10","missense",234
"TCGA-F5-6861-01A-11D-1924-10","missense",2
"TCGA-F5-6864-01A-11D-1924-10","FS",1
"TCGA-F5-6864-01A-11D-1924-10","missense",2
"TCGA-G4-6293-01A-11D-1719-10","FS",1
"TCGA-G4-6293-01A-11D-1719-10","inframe_del",2
"TCGA-G4-6293-01A-11D-1719-10","missense",22
"TCGA-G4-6294-01A-11D-1806-10","FS",2
"TCGA-G4-6294-01A-11D-1806-10","missense",17
"TCGA-G4-6295-01A-11D-1719-10","FS",3
"TCGA-G4-6295-01A-11D-1719-10","missense",15
"TCGA-G4-6297-01A-11D-1719-10","FS",1
"TCGA-G4-6297-01A-11D-1719-10","missense",5
"TCGA-G4-6298-01A-11D-1719-10","missense",13
"TCGA-G4-6299-01A-11D-1771-10","FS",2
"TCGA-G4-6299-01A-11D-1771-10","missense",13
"TCGA-G4-6303-01A-11D-1771-10","missense",6
"TCGA-G4-6306-01A-11D-1771-10","FS",1
"TCGA-G4-6306-01A-11D-1771-10","inframe_del",1
"TCGA-G4-6306-01A-11D-1771-10","missense",15
"TCGA-G4-6307-01A-11D-1719-10","missense",10
"TCGA-G4-6309-01A-21D-1835-10","FS",59
"TCGA-G4-6309-01A-21D-1835-10","inframe_del",1
"TCGA-G4-6309-01A-21D-1835-10","missense",89
"TCGA-G4-6310-01A-11D-1719-10","missense",6
"TCGA-G4-6311-01A-11D-1719-10","missense",5
"TCGA-G4-6314-01A-11D-1719-10","FS",1
"TCGA-G4-6314-01A-11D-1719-10","missense",8
"TCGA-G4-6315-01A-11D-1719-10","FS",1
"TCGA-G4-6315-01A-11D-1719-10","missense",12
"TCGA-G4-6317-01A-11D-1719-10","FS",2
"TCGA-G4-6317-01A-11D-1719-10","inframe_del",1
"TCGA-G4-6317-01A-11D-1719-10","missense",9
"TCGA-G4-6320-01A-11D-1719-10","FS",7
"TCGA-G4-6320-01A-11D-1719-10","missense",55
"TCGA-G4-6322-01A-11D-1719-10","inframe_ins",1
"TCGA-G4-6322-01A-11D-1719-10","missense",7
"TCGA-G4-6323-01A-11D-1719-10","missense",6
"TCGA-G4-6586-01A-11D-1771-10","FS",67
"TCGA-G4-6586-01A-11D-1771-10","inframe_del",2
"TCGA-G4-6586-01A-11D-1771-10","missense",117
"TCGA-G4-6588-01A-11D-1771-10","FS",114
"TCGA-G4-6588-01A-11D-1771-10","inframe_del",1
"TCGA-G4-6588-01A-11D-1771-10","missense",259
"TCGA-G4-6625-01A-21D-1771-10","missense",6
"TCGA-G4-6626-01A-11D-1771-10","missense",16
"TCGA-G4-6628-01A-11D-1835-10","FS",43
"TCGA-G4-6628-01A-11D-1835-10","missense",142
"TCGA-G5-6233-01A-11D-1733-10","missense",2
"TCGA-G5-6572-01A-11D-1826-10","missense",3
"TCGA-NH-A50T-01A-11D-A28G-10","FS",1
"TCGA-NH-A50T-01A-11D-A28G-10","missense",15
"TCGA-NH-A50U-01A-33D-A36X-10","missense",9
"TCGA-NH-A50V-01A-11D-A28G-10","FS",2
"TCGA-NH-A50V-01A-11D-A28G-10","missense",24
"TCGA-NH-A5IV-01A-42D-A36X-10","FS",201
"TCGA-NH-A5IV-01A-42D-A36X-10","inframe_del",4
"TCGA-NH-A5IV-01A-42D-A36X-10","missense",205
"TCGA-NH-A6GA-01A-11D-A36X-10","missense",6
"TCGA-NH-A6GB-01A-11D-A36X-10","FS",2
"TCGA-NH-A6GB-01A-11D-A36X-10","missense",28
"TCGA-NH-A6GC-01A-12D-A40P-10","FS",2
"TCGA-NH-A6GC-01A-12D-A40P-10","missense",14
"TCGA-NH-A8F8-01A-72D-A40P-10","FS",1
"TCGA-NH-A8F8-01A-72D-A40P-10","missense",18
"TCGA-QG-A5YV-01A-11D-A28G-10","FS",2
"TCGA-QG-A5YV-01A-11D-A28G-10","missense",17
"TCGA-QG-A5YW-01A-11D-A28G-10","missense",16
"TCGA-QG-A5YX-01A-11D-A28G-10","FS",2
"TCGA-QG-A5YX-01A-11D-A28G-10","missense",4
"TCGA-QG-A5Z1-01A-11D-A28G-10","FS",2
"TCGA-QG-A5Z1-01A-11D-A28G-10","missense",13
"TCGA-QG-A5Z2-01A-11D-A28G-10","FS",19
"TCGA-QG-A5Z2-01A-11D-A28G-10","missense",42
"TCGA-QL-A97D-01A-12D-A40P-10","missense",17
"TCGA-RU-A8FL-01A-11D-A36X-10","FS",1
"TCGA-RU-A8FL-01A-11D-A36X-10","inframe_del",1
"TCGA-RU-A8FL-01A-11D-A36X-10","missense",13
"TCGA-SS-A7HO-01A-21D-A36X-10","FS",1
"TCGA-SS-A7HO-01A-21D-A36X-10","missense",21
"TCGA-T9-A92H-01A-11D-A36X-10","FS",2
"TCGA-T9-A92H-01A-11D-A36X-10","missense",13
"TCGA-WS-AB45-01A-11D-A40P-10","FS",7
"TCGA-WS-AB45-01A-11D-A40P-10","inframe_del",1
"TCGA-WS-AB45-01A-11D-A40P-10","missense",20
"TCGA-3L-AA1B-01A-11D-A36X-10","FS",0
"TCGA-3L-AA1B-01A-11D-A36X-10","inframe_del",0
"TCGA-3L-AA1B-01A-11D-A36X-10","inframe_ins",0
"TCGA-4N-A93T-01A-11D-A36X-10","inframe_ins",0
"TCGA-4N-A93T-01A-11D-A36X-10","inframe_del",0
"TCGA-5M-AAT4-01A-11D-A40P-10","inframe_del",0
"TCGA-5M-AAT4-01A-11D-A40P-10","inframe_ins",0
"TCGA-5M-AAT6-01A-11D-A40P-10","inframe_del",0
"TCGA-5M-AAT6-01A-11D-A40P-10","inframe_ins",0
"TCGA-5M-AATE-01A-11D-A40P-10","inframe_del",0
"TCGA-5M-AATE-01A-11D-A40P-10","inframe_ins",0
"TCGA-5M-AATE-01A-11D-A40P-10","FS",0
"TCGA-A6-2671-01A-01D-1408-10","inframe_ins",0
"TCGA-A6-2674-01A-02D-A270-10","inframe_del",0
"TCGA-A6-2674-01A-02D-A270-10","FS",0
"TCGA-A6-2674-01A-02D-A270-10","inframe_ins",0
"TCGA-A6-2675-01A-02D-1719-10","inframe_del",0
"TCGA-A6-2675-01A-02D-1719-10","inframe_ins",0
"TCGA-A6-2677-01A-01D-A270-10","missense",0
"TCGA-A6-2677-01A-01D-A270-10","inframe_ins",0
"TCGA-A6-2677-01A-01D-A270-10","FS",0
"TCGA-A6-2677-01A-01D-A270-10","inframe_del",0
"TCGA-A6-2679-01A-02D-1408-10","FS",0
"TCGA-A6-2679-01A-02D-1408-10","inframe_ins",0
"TCGA-A6-2679-01A-02D-1408-10","inframe_del",0
"TCGA-A6-2680-01A-01D-1408-10","inframe_del",0
"TCGA-A6-2680-01A-01D-1408-10","inframe_ins",0
"TCGA-A6-2681-01A-01D-1408-10","inframe_ins",0
"TCGA-A6-2681-01A-01D-1408-10","FS",0
"TCGA-A6-2681-01A-01D-1408-10","inframe_del",0
"TCGA-A6-2682-01A-01D-1408-10","inframe_del",0
"TCGA-A6-2682-01A-01D-1408-10","inframe_ins",0
"TCGA-A6-2684-01A-01D-A270-10","inframe_del",0
"TCGA-A6-2684-01A-01D-A270-10","inframe_ins",0
"TCGA-A6-2685-01A-01D-1408-10","missense",0
"TCGA-A6-2685-01A-01D-1408-10","FS",0
"TCGA-A6-2685-01A-01D-1408-10","inframe_del",0
"TCGA-A6-2685-01A-01D-1408-10","inframe_ins",0
"TCGA-A6-2686-01A-01D-1408-10","inframe_ins",0
"TCGA-A6-3807-01A-01W-0995-10","inframe_ins",0
"TCGA-A6-3807-01A-01W-0995-10","inframe_del",0
"TCGA-A6-3807-01A-01W-0995-10","FS",0
"TCGA-A6-3808-01A-01W-0995-10","inframe_del",0
"TCGA-A6-3808-01A-01W-0995-10","inframe_ins",0
"TCGA-A6-3809-01A-01D-A270-10","inframe_ins",0
"TCGA-A6-3810-01A-01D-A270-10","FS",0
"TCGA-A6-3810-01A-01D-A270-10","inframe_del",0
"TCGA-A6-3810-01A-01D-A270-10","inframe_ins",0
"TCGA-A6-4105-01A-02D-1771-10","inframe_del",0
"TCGA-A6-4105-01A-02D-1771-10","inframe_ins",0
"TCGA-A6-4107-01A-02D-1408-10","inframe_del",0
"TCGA-A6-4107-01A-02D-1408-10","FS",0
"TCGA-A6-4107-01A-02D-1408-10","inframe_ins",0
"TCGA-A6-5656-01A-21D-A270-10","inframe_ins",0
"TCGA-A6-5657-01A-01D-1650-10","FS",0
"TCGA-A6-5657-01A-01D-1650-10","inframe_del",0
"TCGA-A6-5657-01A-01D-1650-10","inframe_ins",0
"TCGA-A6-5659-01A-01D-A270-10","inframe_ins",0
"TCGA-A6-5660-01A-01D-1650-10","inframe_del",0
"TCGA-A6-5661-01A-01D-1650-10","inframe_ins",0
"TCGA-A6-5662-01A-01D-1650-10","inframe_del",0
"TCGA-A6-5662-01A-01D-1650-10","inframe_ins",0
"TCGA-A6-5664-01A-21D-1835-10","FS",0
"TCGA-A6-5664-01A-21D-1835-10","inframe_ins",0
"TCGA-A6-5664-01A-21D-1835-10","inframe_del",0
"TCGA-A6-5665-01A-01D-1650-10","inframe_ins",0
"TCGA-A6-5666-01A-01D-1650-10","inframe_ins",0
"TCGA-A6-5666-01A-01D-1650-10","inframe_del",0
"TCGA-A6-5667-01A-21D-1719-10","inframe_ins",0
"TCGA-A6-5667-01A-21D-1719-10","FS",0
"TCGA-A6-6137-01A-11D-1771-10","FS",0
"TCGA-A6-6137-01A-11D-1771-10","inframe_ins",0
"TCGA-A6-6137-01A-11D-1771-10","inframe_del",0
"TCGA-A6-6138-01A-11D-1771-10","inframe_ins",0
"TCGA-A6-6142-01A-11D-1771-10","inframe_del",0
"TCGA-A6-6142-01A-11D-1771-10","inframe_ins",0
"TCGA-A6-6648-01A-11D-1771-10","inframe_del",0
"TCGA-A6-6648-01A-11D-1771-10","inframe_ins",0
"TCGA-A6-6648-01A-11D-1771-10","FS",0
"TCGA-A6-6649-01A-11D-1771-10","inframe_ins",0
"TCGA-A6-6649-01A-11D-1771-10","FS",0
"TCGA-A6-6649-01A-11D-1771-10","inframe_del",0
"TCGA-A6-6650-01A-11D-1771-10","inframe_ins",0
"TCGA-A6-6650-01A-11D-1771-10","inframe_del",0
"TCGA-A6-6651-01A-21D-1835-10","inframe_ins",0
"TCGA-A6-6651-01A-21D-1835-10","inframe_del",0
"TCGA-A6-6651-01A-21D-1835-10","FS",0
"TCGA-A6-6652-01A-11D-1771-10","inframe_del",0
"TCGA-A6-6652-01A-11D-1771-10","FS",0
"TCGA-A6-6652-01A-11D-1771-10","inframe_ins",0
"TCGA-A6-6653-01A-11D-1771-10","inframe_ins",0
"TCGA-A6-6654-01A-21D-1835-10","FS",0
"TCGA-A6-6654-01A-21D-1835-10","inframe_ins",0
"TCGA-A6-6654-01A-21D-1835-10","inframe_del",0
"TCGA-A6-6780-01A-11D-A270-10","inframe_ins",0
"TCGA-A6-6781-01A-22D-A270-10","inframe_ins",0
"TCGA-A6-6781-01A-22D-A270-10","inframe_del",0
"TCGA-A6-6782-01A-11D-1835-10","FS",0
"TCGA-A6-6782-01A-11D-1835-10","inframe_ins",0
"TCGA-A6-6782-01A-11D-1835-10","inframe_del",0
"TCGA-A6-A565-01A-31D-A28G-10","inframe_ins",0
"TCGA-A6-A565-01A-31D-A28G-10","missense",0
"TCGA-A6-A565-01A-31D-A28G-10","inframe_del",0
"TCGA-A6-A565-01A-31D-A28G-10","FS",0
"TCGA-A6-A566-01A-11D-A28G-10","inframe_del",0
"TCGA-A6-A566-01A-11D-A28G-10","inframe_ins",0
"TCGA-A6-A567-01A-31D-A28G-10","inframe_ins",0
"TCGA-A6-A567-01A-31D-A28G-10","FS",0
"TCGA-A6-A567-01A-31D-A28G-10","inframe_del",0
"TCGA-A6-A56B-01A-31D-A28G-10","inframe_del",0
"TCGA-A6-A56B-01A-31D-A28G-10","inframe_ins",0
"TCGA-A6-A5ZU-01A-11D-A28G-10","inframe_del",0
"TCGA-A6-A5ZU-01A-11D-A28G-10","inframe_ins",0
"TCGA-AA-3488-01A-01D-1408-10","inframe_del",0
"TCGA-AA-3488-01A-01D-1408-10","inframe_ins",0
"TCGA-AA-3488-01A-01D-1408-10","FS",0
"TCGA-AA-3489-01A-21D-1835-10","inframe_ins",0
"TCGA-AA-3489-01A-21D-1835-10","FS",0
"TCGA-AA-3489-01A-21D-1835-10","inframe_del",0
"TCGA-AA-3492-01A-01D-1408-10","inframe_ins",0
"TCGA-AA-3494-01A-01D-1408-10","FS",0
"TCGA-AA-3494-01A-01D-1408-10","inframe_ins",0
"TCGA-AA-3494-01A-01D-1408-10","inframe_del",0
"TCGA-AA-3495-01A-01D-1408-10","inframe_ins",0
"TCGA-AA-3495-01A-01D-1408-10","inframe_del",0
"TCGA-AA-3496-01A-21D-1835-10","inframe_del",0
"TCGA-AA-3496-01A-21D-1835-10","inframe_ins",0
"TCGA-AA-3502-01A-01D-1408-10","inframe_del",0
"TCGA-AA-3502-01A-01D-1408-10","inframe_ins",0
"TCGA-AA-3506-01A-01D-2188-10","inframe_ins",0
"TCGA-AA-3506-01A-01D-2188-10","inframe_del",0
"TCGA-AA-3509-01A-01D-1408-10","inframe_del",0
"TCGA-AA-3509-01A-01D-1408-10","inframe_ins",0
"TCGA-AA-3510-01A-01D-1408-10","inframe_ins",0
"TCGA-AA-3510-01A-01D-1408-10","inframe_del",0
"TCGA-AA-3511-01A-21D-1835-10","inframe_ins",0
"TCGA-AA-3511-01A-21D-1835-10","FS",0
"TCGA-AA-3511-01A-21D-1835-10","inframe_del",0
"TCGA-AA-3530-01A-01W-0995-10","inframe_del",0
"TCGA-AA-3530-01A-01W-0995-10","FS",0
"TCGA-AA-3530-01A-01W-0995-10","inframe_ins",0
"TCGA-AA-3655-01A-02D-1719-10","inframe_ins",0
"TCGA-AA-3655-01A-02D-1719-10","inframe_del",0
"TCGA-AA-3660-01A-01D-1719-10","inframe_ins",0
"TCGA-AA-3660-01A-01D-1719-10","inframe_del",0
"TCGA-AA-3662-01A-01D-1719-10","inframe_ins",0
"TCGA-AA-3662-01A-01D-1719-10","FS",0
"TCGA-AA-3662-01A-01D-1719-10","inframe_del",0
"TCGA-AA-3663-01A-01D-1719-10","inframe_ins",0
"TCGA-AA-3664-01A-01W-0900-09","inframe_del",0
"TCGA-AA-3664-01A-01W-0900-09","inframe_ins",0
"TCGA-AA-3664-01A-01W-0900-09","FS",0
"TCGA-AA-3666-01A-02W-0900-09","inframe_del",0
"TCGA-AA-3666-01A-02W-0900-09","inframe_ins",0
"TCGA-AA-3667-01A-01W-0900-09","inframe_del",0
"TCGA-AA-3667-01A-01W-0900-09","inframe_ins",0
"TCGA-AA-3672-01A-01W-0900-09","inframe_ins",0
"TCGA-AA-3673-01A-01W-0900-09","inframe_del",0
"TCGA-AA-3673-01A-01W-0900-09","FS",0
"TCGA-AA-3673-01A-01W-0900-09","inframe_ins",0
"TCGA-AA-3675-01A-02W-0900-09","inframe_del",0
"TCGA-AA-3675-01A-02W-0900-09","inframe_ins",0
"TCGA-AA-3678-01A-01W-0900-09","inframe_del",0
"TCGA-AA-3678-01A-01W-0900-09","inframe_ins",0
"TCGA-AA-3679-01A-02W-0900-09","inframe_del",0
"TCGA-AA-3679-01A-02W-0900-09","inframe_ins",0
"TCGA-AA-3680-01A-01W-0900-09","inframe_del",0
"TCGA-AA-3680-01A-01W-0900-09","inframe_ins",0
"TCGA-AA-3681-01A-01W-0900-09","inframe_del",0
"TCGA-AA-3681-01A-01W-0900-09","FS",0
"TCGA-AA-3681-01A-01W-0900-09","inframe_ins",0
"TCGA-AA-3684-01A-02W-0900-09","FS",0
"TCGA-AA-3684-01A-02W-0900-09","inframe_ins",0
"TCGA-AA-3684-01A-02W-0900-09","inframe_del",0
"TCGA-AA-3685-01A-02W-0900-09","inframe_ins",0
"TCGA-AA-3685-01A-02W-0900-09","inframe_del",0
"TCGA-AA-3688-01A-01W-0900-09","FS",0
"TCGA-AA-3688-01A-01W-0900-09","inframe_del",0
"TCGA-AA-3688-01A-01W-0900-09","inframe_ins",0
"TCGA-AA-3692-01A-01W-0900-09","inframe_del",0
"TCGA-AA-3692-01A-01W-0900-09","inframe_ins",0
"TCGA-AA-3693-01A-01W-0900-09","inframe_ins",0
"TCGA-AA-3693-01A-01W-0900-09","FS",0
"TCGA-AA-3693-01A-01W-0900-09","inframe_del",0
"TCGA-AA-3695-01A-01W-0900-09","inframe_del",0
"TCGA-AA-3695-01A-01W-0900-09","inframe_ins",0
"TCGA-AA-3695-01A-01W-0900-09","FS",0
"TCGA-AA-3695-01A-01W-0900-09","missense",0
"TCGA-AA-3696-01A-01W-0900-09","inframe_ins",0
"TCGA-AA-3696-01A-01W-0900-09","inframe_del",0
"TCGA-AA-3697-01A-01D-1719-10","inframe_del",0
"TCGA-AA-3697-01A-01D-1719-10","FS",0
"TCGA-AA-3697-01A-01D-1719-10","inframe_ins",0
"TCGA-AA-3712-01A-21D-1719-10","inframe_ins",0
"TCGA-AA-3712-01A-21D-1719-10","inframe_del",0
"TCGA-AA-3712-01A-21D-1719-10","FS",0
"TCGA-AA-3713-01A-21D-1719-10","inframe_ins",0
"TCGA-AA-3713-01A-21D-1719-10","inframe_del",0
"TCGA-AA-3715-01A-01W-0900-09","inframe_ins",0
"TCGA-AA-3715-01A-01W-0900-09","inframe_del",0
"TCGA-AA-3811-01A-01D-1981-10","inframe_ins",0
"TCGA-AA-3812-01A-01W-0900-09","inframe_ins",0
"TCGA-AA-3812-01A-01W-0900-09","inframe_del",0
"TCGA-AA-3812-01A-01W-0900-09","FS",0
"TCGA-AA-3814-01A-01W-0900-09","inframe_ins",0
"TCGA-AA-3814-01A-01W-0900-09","inframe_del",0
"TCGA-AA-3815-01A-01W-0995-10","inframe_ins",0
"TCGA-AA-3818-01A-01W-0900-09","inframe_ins",0
"TCGA-AA-3818-01A-01W-0900-09","inframe_del",0
"TCGA-AA-3819-01A-01W-0900-09","FS",0
"TCGA-AA-3819-01A-01W-0900-09","inframe_del",0
"TCGA-AA-3819-01A-01W-0900-09","inframe_ins",0
"TCGA-AA-3821-01A-01W-0995-10","inframe_ins",0
"TCGA-AA-3831-01A-01W-0900-09","inframe_ins",0
"TCGA-AA-3831-01A-01W-0900-09","inframe_del",0
"TCGA-AA-3833-01A-01W-0900-09","inframe_ins",0
"TCGA-AA-3833-01A-01W-0900-09","inframe_del",0
"TCGA-AA-3837-01A-01W-0900-09","inframe_ins",0
"TCGA-AA-3837-01A-01W-0900-09","inframe_del",0
"TCGA-AA-3841-01A-01W-0900-09","inframe_ins",0
"TCGA-AA-3842-01A-01W-0995-10","inframe_ins",0
"TCGA-AA-3842-01A-01W-0995-10","FS",0
"TCGA-AA-3842-01A-01W-0995-10","inframe_del",0
"TCGA-AA-3844-01A-01W-0995-10","inframe_del",0
"TCGA-AA-3844-01A-01W-0995-10","inframe_ins",0
"TCGA-AA-3844-01A-01W-0995-10","FS",0
"TCGA-AA-3845-01A-01D-1981-10","inframe_ins",0
"TCGA-AA-3846-01A-01W-0995-10","FS",0
"TCGA-AA-3846-01A-01W-0995-10","inframe_del",0
"TCGA-AA-3846-01A-01W-0995-10","inframe_ins",0
"TCGA-AA-3848-01A-01W-0900-09","FS",0
"TCGA-AA-3848-01A-01W-0900-09","inframe_ins",0
"TCGA-AA-3850-01A-01W-0995-10","inframe_del",0
"TCGA-AA-3850-01A-01W-0995-10","inframe_ins",0
"TCGA-AA-3851-01A-01W-0995-10","inframe_ins",0
"TCGA-AA-3851-01A-01W-0995-10","inframe_del",0
"TCGA-AA-3851-01A-01W-0995-10","FS",0
"TCGA-AA-3852-01A-01W-0900-09","inframe_ins",0
"TCGA-AA-3852-01A-01W-0900-09","inframe_del",0
"TCGA-AA-3854-01A-01W-0900-09","inframe_ins",0
"TCGA-AA-3854-01A-01W-0900-09","inframe_del",0
"TCGA-AA-3855-01A-01W-0995-10","inframe_ins",0
"TCGA-AA-3855-01A-01W-0995-10","inframe_del",0
"TCGA-AA-3856-01A-01W-0900-09","inframe_ins",0
"TCGA-AA-3856-01A-01W-0900-09","inframe_del",0
"TCGA-AA-3858-01A-01W-0900-09","inframe_ins",0
"TCGA-AA-3858-01A-01W-0900-09","inframe_del",0
"TCGA-AA-3860-01A-02W-0900-09","inframe_del",0
"TCGA-AA-3860-01A-02W-0900-09","inframe_ins",0
"TCGA-AA-3861-01A-01W-0995-10","inframe_ins",0
"TCGA-AA-3861-01A-01W-0995-10","FS",0
"TCGA-AA-3861-01A-01W-0995-10","inframe_del",0
"TCGA-AA-3862-01A-01W-0995-10","FS",0
"TCGA-AA-3862-01A-01W-0995-10","inframe_del",0
"TCGA-AA-3862-01A-01W-0995-10","inframe_ins",0
"TCGA-AA-3864-01A-01D-1981-10","inframe_ins",0
"TCGA-AA-3864-01A-01D-1981-10","inframe_del",0
"TCGA-AA-3866-01A-01W-0995-10","inframe_del",0
"TCGA-AA-3866-01A-01W-0995-10","inframe_ins",0
"TCGA-AA-3867-01A-01W-0995-10","inframe_ins",0
"TCGA-AA-3867-01A-01W-0995-10","inframe_del",0
"TCGA-AA-3869-01A-01W-0995-10","inframe_del",0
"TCGA-AA-3869-01A-01W-0995-10","inframe_ins",0
"TCGA-AA-3870-01A-01W-0995-10","FS",0
"TCGA-AA-3870-01A-01W-0995-10","inframe_del",0
"TCGA-AA-3870-01A-01W-0995-10","inframe_ins",0
"TCGA-AA-3872-01A-01W-0995-10","inframe_del",0
"TCGA-AA-3872-01A-01W-0995-10","inframe_ins",0
"TCGA-AA-3875-01A-01W-0900-09","inframe_ins",0
"TCGA-AA-3875-01A-01W-0900-09","inframe_del",0
"TCGA-AA-3877-01A-01W-0995-10","inframe_del",0
"TCGA-AA-3877-01A-01W-0995-10","inframe_ins",0
"TCGA-AA-3930-01A-01W-0995-10","inframe_ins",0
"TCGA-AA-3930-01A-01W-0995-10","inframe_del",0
"TCGA-AA-3939-01A-01W-0995-10","FS",0
"TCGA-AA-3939-01A-01W-0995-10","inframe_del",0
"TCGA-AA-3939-01A-01W-0995-10","inframe_ins",0
"TCGA-AA-3941-01A-01W-0995-10","inframe_del",0
"TCGA-AA-3941-01A-01W-0995-10","inframe_ins",0
"TCGA-AA-3949-01A-01W-0995-10","inframe_del",0
"TCGA-AA-3949-01A-01W-0995-10","inframe_ins",0
"TCGA-AA-3950-01A-02W-0995-10","inframe_ins",0
"TCGA-AA-3950-01A-02W-0995-10","inframe_del",0
"TCGA-AA-3952-01A-01W-0995-10","inframe_ins",0
"TCGA-AA-3952-01A-01W-0995-10","inframe_del",0
"TCGA-AA-3955-01A-02W-0995-10","inframe_ins",0
"TCGA-AA-3955-01A-02W-0995-10","inframe_del",0
"TCGA-AA-3956-01A-02W-0995-10","inframe_del",0
"TCGA-AA-3956-01A-02W-0995-10","inframe_ins",0
"TCGA-AA-3966-01A-01D-1981-10","inframe_del",0
"TCGA-AA-3966-01A-01D-1981-10","inframe_ins",0
"TCGA-AA-3968-01A-01W-0995-10","inframe_ins",0
"TCGA-AA-3968-01A-01W-0995-10","inframe_del",0
"TCGA-AA-3971-01A-01W-0995-10","inframe_del",0
"TCGA-AA-3971-01A-01W-0995-10","inframe_ins",0
"TCGA-AA-3972-01A-01W-0995-10","inframe_del",0
"TCGA-AA-3972-01A-01W-0995-10","inframe_ins",0
"TCGA-AA-3973-01A-01W-0995-10","inframe_del",0
"TCGA-AA-3973-01A-01W-0995-10","FS",0
"TCGA-AA-3973-01A-01W-0995-10","inframe_ins",0
"TCGA-AA-3975-01A-01W-0995-10","inframe_del",0
"TCGA-AA-3975-01A-01W-0995-10","inframe_ins",0
"TCGA-AA-3975-01A-01W-0995-10","FS",0
"TCGA-AA-3976-01A-01W-0995-10","inframe_ins",0
"TCGA-AA-3976-01A-01W-0995-10","FS",0
"TCGA-AA-3976-01A-01W-0995-10","inframe_del",0
"TCGA-AA-3977-01A-01D-1981-10","inframe_del",0
"TCGA-AA-3977-01A-01D-1981-10","inframe_ins",0
"TCGA-AA-3979-01A-01W-0995-10","inframe_ins",0
"TCGA-AA-3979-01A-01W-0995-10","inframe_del",0
"TCGA-AA-3980-01A-02W-0995-10","inframe_del",0
"TCGA-AA-3980-01A-02W-0995-10","FS",0
"TCGA-AA-3982-01A-02W-0995-10","FS",0
"TCGA-AA-3982-01A-02W-0995-10","inframe_ins",0
"TCGA-AA-3982-01A-02W-0995-10","inframe_del",0
"TCGA-AA-3984-01A-02D-1981-10","inframe_del",0
"TCGA-AA-3984-01A-02D-1981-10","FS",0
"TCGA-AA-3984-01A-02D-1981-10","inframe_ins",0
"TCGA-AA-3986-01A-02W-0995-10","FS",0
"TCGA-AA-3986-01A-02W-0995-10","inframe_ins",0
"TCGA-AA-3986-01A-02W-0995-10","inframe_del",0
"TCGA-AA-3989-01A-01W-0995-10","inframe_del",0
"TCGA-AA-3989-01A-01W-0995-10","inframe_ins",0
"TCGA-AA-3989-01A-01W-0995-10","FS",0
"TCGA-AA-3994-01A-01W-1073-09","inframe_del",0
"TCGA-AA-3994-01A-01W-1073-09","inframe_ins",0
"TCGA-AA-A004-01A-01W-A00E-09","inframe_ins",0
"TCGA-AA-A004-01A-01W-A00E-09","FS",0
"TCGA-AA-A004-01A-01W-A00E-09","inframe_del",0
"TCGA-AA-A00N-01A-02D-A17O-10","inframe_del",0
"TCGA-AA-A00N-01A-02D-A17O-10","inframe_ins",0
"TCGA-AA-A00O-01A-02W-A00E-09","inframe_ins",0
"TCGA-AA-A00O-01A-02W-A00E-09","inframe_del",0
"TCGA-AA-A010-01A-01D-A17O-10","inframe_del",0
"TCGA-AA-A010-01A-01D-A17O-10","inframe_ins",0
"TCGA-AA-A017-01A-01W-A00E-09","FS",0
"TCGA-AA-A017-01A-01W-A00E-09","inframe_ins",0
"TCGA-AA-A01C-01A-01W-A00E-09","inframe_del",0
"TCGA-AA-A01C-01A-01W-A00E-09","inframe_ins",0
"TCGA-AA-A01D-01A-01W-A00E-09","inframe_del",0
"TCGA-AA-A01D-01A-01W-A00E-09","FS",0
"TCGA-AA-A01D-01A-01W-A00E-09","inframe_ins",0
"TCGA-AA-A01I-01A-02W-A00E-09","FS",0
"TCGA-AA-A01I-01A-02W-A00E-09","inframe_ins",0
"TCGA-AA-A01I-01A-02W-A00E-09","inframe_del",0
"TCGA-AA-A01K-01A-01W-A00E-09","inframe_ins",0
"TCGA-AA-A01K-01A-01W-A00E-09","inframe_del",0
"TCGA-AA-A01P-01A-21D-A17O-10","inframe_ins",0
"TCGA-AA-A01P-01A-21D-A17O-10","inframe_del",0
"TCGA-AA-A01R-01A-21D-A17O-10","inframe_ins",0
"TCGA-AA-A01R-01A-21D-A17O-10","inframe_del",0
"TCGA-AA-A01S-01A-21W-A096-10","inframe_del",0
"TCGA-AA-A01S-01A-21W-A096-10","FS",0
"TCGA-AA-A01S-01A-21W-A096-10","inframe_ins",0
"TCGA-AA-A01T-01A-21W-A096-10","inframe_ins",0
"TCGA-AA-A01T-01A-21W-A096-10","FS",0
"TCGA-AA-A01T-01A-21W-A096-10","inframe_del",0
"TCGA-AA-A01V-01A-23W-A096-10","inframe_del",0
"TCGA-AA-A01V-01A-23W-A096-10","inframe_ins",0
"TCGA-AA-A01X-01A-21W-A096-10","inframe_del",0
"TCGA-AA-A01X-01A-21W-A096-10","inframe_ins",0
"TCGA-AA-A01Z-01A-11W-A096-10","inframe_del",0
"TCGA-AA-A01Z-01A-11W-A096-10","inframe_ins",0
"TCGA-AA-A022-01A-21D-A17O-10","inframe_ins",0
"TCGA-AA-A024-01A-02W-A00E-09","inframe_ins",0
"TCGA-AA-A024-01A-02W-A00E-09","FS",0
"TCGA-AA-A024-01A-02W-A00E-09","inframe_del",0
"TCGA-AA-A029-01A-01W-A00E-09","inframe_ins",0
"TCGA-AA-A029-01A-01W-A00E-09","inframe_del",0
"TCGA-AA-A02E-01A-01W-A00E-09","inframe_ins",0
"TCGA-AA-A02E-01A-01W-A00E-09","inframe_del",0
"TCGA-AA-A02F-01A-01W-A00E-09","inframe_ins",0
"TCGA-AA-A02F-01A-01W-A00E-09","inframe_del",0
"TCGA-AA-A02H-01A-01W-A00E-09","inframe_ins",0
"TCGA-AA-A02J-01A-01W-A00E-09","inframe_ins",0
"TCGA-AA-A02J-01A-01W-A00E-09","inframe_del",0
"TCGA-AA-A02K-01A-21W-A096-10","inframe_ins",0
"TCGA-AA-A02O-01A-21W-A096-10","inframe_ins",0
"TCGA-AA-A02O-01A-21W-A096-10","FS",0
"TCGA-AA-A02R-01A-01W-A00E-09","inframe_ins",0
"TCGA-AA-A02W-01A-01W-A00E-09","FS",0
"TCGA-AA-A02W-01A-01W-A00E-09","inframe_ins",0
"TCGA-AA-A02Y-01A-43W-A096-10","inframe_ins",0
"TCGA-AA-A02Y-01A-43W-A096-10","inframe_del",0
"TCGA-AA-A03F-01A-11W-A096-10","inframe_ins",0
"TCGA-AA-A03F-01A-11W-A096-10","inframe_del",0
"TCGA-AA-A03J-01A-21W-A096-10","FS",0
"TCGA-AA-A03J-01A-21W-A096-10","inframe_ins",0
"TCGA-AA-A03J-01A-21W-A096-10","inframe_del",0
"TCGA-AD-5900-01A-11D-1650-10","inframe_ins",0
"TCGA-AD-6548-01A-11D-1835-10","FS",0
"TCGA-AD-6548-01A-11D-1835-10","inframe_ins",0
"TCGA-AD-6548-01A-11D-1835-10","inframe_del",0
"TCGA-AD-6888-01A-11D-1924-10","FS",0
"TCGA-AD-6888-01A-11D-1924-10","inframe_del",0
"TCGA-AD-6888-01A-11D-1924-10","inframe_ins",0
"TCGA-AD-6889-01A-11D-1924-10","inframe_ins",0
"TCGA-AD-6890-01A-11D-1924-10","inframe_del",0
"TCGA-AD-6890-01A-11D-1924-10","inframe_ins",0
"TCGA-AD-6895-01A-11D-1924-10","inframe_del",0
"TCGA-AD-6895-01A-11D-1924-10","inframe_ins",0
"TCGA-AD-6899-01A-11D-1924-10","inframe_ins",0
"TCGA-AD-6901-01A-11D-1924-10","inframe_del",0
"TCGA-AD-6901-01A-11D-1924-10","inframe_ins",0
"TCGA-AD-6963-01A-11D-1924-10","inframe_ins",0
"TCGA-AD-6963-01A-11D-1924-10","inframe_del",0
"TCGA-AD-6963-01A-11D-1924-10","FS",0
"TCGA-AD-6964-01A-11D-1924-10","inframe_del",0
"TCGA-AD-6964-01A-11D-1924-10","inframe_ins",0
"TCGA-AD-6965-01A-11D-1924-10","inframe_del",0
"TCGA-AD-6965-01A-11D-1924-10","inframe_ins",0
"TCGA-AD-6965-01A-11D-1924-10","FS",0
"TCGA-AD-A5EJ-01A-11D-A28G-10","inframe_ins",0
"TCGA-AD-A5EK-01A-11D-A28G-10","inframe_ins",0
"TCGA-AD-A5EK-01A-11D-A28G-10","FS",0
"TCGA-AF-2687-01A-02D-1733-10","FS",0
"TCGA-AF-2687-01A-02D-1733-10","inframe_del",0
"TCGA-AF-2687-01A-02D-1733-10","inframe_ins",0
"TCGA-AF-2690-01A-02D-1733-10","missense",0
"TCGA-AF-2690-01A-02D-1733-10","inframe_ins",0
"TCGA-AF-2690-01A-02D-1733-10","inframe_del",0
"TCGA-AF-2690-01A-02D-1733-10","FS",0
"TCGA-AF-2693-01A-02D-1733-10","inframe_ins",0
"TCGA-AF-2693-01A-02D-1733-10","FS",0
"TCGA-AF-2693-01A-02D-1733-10","inframe_del",0
"TCGA-AF-3911-01A-01D-1733-10","inframe_ins",0
"TCGA-AF-3911-01A-01D-1733-10","FS",0
"TCGA-AF-3911-01A-01D-1733-10","inframe_del",0
"TCGA-AF-3913-01A-02W-1073-09","inframe_del",0
"TCGA-AF-3913-01A-02W-1073-09","inframe_ins",0
"TCGA-AF-3913-01A-02W-1073-09","FS",0
"TCGA-AF-4110-01A-02D-1733-10","inframe_ins",0
"TCGA-AF-4110-01A-02D-1733-10","FS",0
"TCGA-AF-4110-01A-02D-1733-10","inframe_del",0
"TCGA-AF-4110-01A-02D-1733-10","missense",0
"TCGA-AF-5654-01A-01D-1657-10","inframe_del",0
"TCGA-AF-5654-01A-01D-1657-10","missense",0
"TCGA-AF-5654-01A-01D-1657-10","inframe_ins",0
"TCGA-AF-5654-01A-01D-1657-10","FS",0
"TCGA-AF-6136-01A-11D-1826-10","FS",0
"TCGA-AF-6136-01A-11D-1826-10","inframe_del",0
"TCGA-AF-6136-01A-11D-1826-10","inframe_ins",0
"TCGA-AF-6655-01A-11D-1826-10","FS",0
"TCGA-AF-6655-01A-11D-1826-10","inframe_ins",0
"TCGA-AF-6655-01A-11D-1826-10","inframe_del",0
"TCGA-AF-6672-01A-11D-1826-10","inframe_ins",0
"TCGA-AF-6672-01A-11D-1826-10","inframe_del",0
"TCGA-AF-A56K-01A-32D-A38X-10","inframe_del",0
"TCGA-AF-A56K-01A-32D-A38X-10","FS",0
"TCGA-AF-A56K-01A-32D-A38X-10","inframe_ins",0
"TCGA-AF-A56L-01A-31D-A38X-10","FS",0
"TCGA-AF-A56L-01A-31D-A38X-10","inframe_ins",0
"TCGA-AF-A56L-01A-31D-A38X-10","inframe_del",0
"TCGA-AF-A56N-01A-12D-A38X-10","inframe_ins",0
"TCGA-AF-A56N-01A-12D-A38X-10","inframe_del",0
"TCGA-AG-3591-01A-01D-1733-10","inframe_ins",0
"TCGA-AG-3591-01A-01D-1733-10","FS",0
"TCGA-AG-3591-01A-01D-1733-10","missense",0
"TCGA-AG-3591-01A-01D-1733-10","inframe_del",0
"TCGA-AG-3592-01A-02D-1733-10","FS",0
"TCGA-AG-3592-01A-02D-1733-10","inframe_del",0
"TCGA-AG-3592-01A-02D-1733-10","inframe_ins",0
"TCGA-AG-3725-01A-11D-1733-10","inframe_ins",0
"TCGA-AG-3725-01A-11D-1733-10","FS",0
"TCGA-AG-3725-01A-11D-1733-10","inframe_del",0
"TCGA-AG-3726-01A-02W-0899-10","inframe_ins",0
"TCGA-AG-3726-01A-02W-0899-10","FS",0
"TCGA-AG-3726-01A-02W-0899-10","inframe_del",0
"TCGA-AG-3727-01A-01W-0899-10","inframe_del",0
"TCGA-AG-3727-01A-01W-0899-10","inframe_ins",0
"TCGA-AG-3728-01A-01W-0899-10","inframe_ins",0
"TCGA-AG-3728-01A-01W-0899-10","FS",0
"TCGA-AG-3728-01A-01W-0899-10","inframe_del",0
"TCGA-AG-3731-01A-11D-1733-10","FS",0
"TCGA-AG-3731-01A-11D-1733-10","inframe_del",0
"TCGA-AG-3731-01A-11D-1733-10","inframe_ins",0
"TCGA-AG-3732-01A-11D-1657-10","FS",0
"TCGA-AG-3732-01A-11D-1657-10","inframe_ins",0
"TCGA-AG-3732-01A-11D-1657-10","missense",0
"TCGA-AG-3732-01A-11D-1657-10","inframe_del",0
"TCGA-AG-3742-01A-11D-1657-10","FS",0
"TCGA-AG-3742-01A-11D-1657-10","inframe_del",0
"TCGA-AG-3742-01A-11D-1657-10","inframe_ins",0
"TCGA-AG-3878-01A-02W-0899-10","inframe_del",0
"TCGA-AG-3878-01A-02W-0899-10","FS",0
"TCGA-AG-3878-01A-02W-0899-10","inframe_ins",0
"TCGA-AG-3878-01A-02W-0899-10","missense",0
"TCGA-AG-3881-01A-01W-0899-10","inframe_del",0
"TCGA-AG-3881-01A-01W-0899-10","inframe_ins",0
"TCGA-AG-3881-01A-01W-0899-10","FS",0
"TCGA-AG-3882-01A-01W-0899-10","inframe_del",0
"TCGA-AG-3882-01A-01W-0899-10","missense",0
"TCGA-AG-3882-01A-01W-0899-10","inframe_ins",0
"TCGA-AG-3883-01A-02W-0899-10","inframe_ins",0
"TCGA-AG-3883-01A-02W-0899-10","inframe_del",0
"TCGA-AG-3885-01A-01W-0899-10","inframe_ins",0
"TCGA-AG-3885-01A-01W-0899-10","missense",0
"TCGA-AG-3885-01A-01W-0899-10","inframe_del",0
"TCGA-AG-3885-01A-01W-0899-10","FS",0
"TCGA-AG-3887-01A-01W-1073-09","FS",0
"TCGA-AG-3887-01A-01W-1073-09","inframe_del",0
"TCGA-AG-3887-01A-01W-1073-09","inframe_ins",0
"TCGA-AG-3890-01A-01W-1073-09","inframe_ins",0
"TCGA-AG-3890-01A-01W-1073-09","FS",0
"TCGA-AG-3890-01A-01W-1073-09","inframe_del",0
"TCGA-AG-3892-01A-01D-1989-10","FS",0
"TCGA-AG-3892-01A-01D-1989-10","inframe_ins",0
"TCGA-AG-3892-01A-01D-1989-10","inframe_del",0
"TCGA-AG-3893-01A-01W-1073-09","inframe_del",0
"TCGA-AG-3893-01A-01W-1073-09","FS",0
"TCGA-AG-3893-01A-01W-1073-09","inframe_ins",0
"TCGA-AG-3894-01A-01W-1073-09","inframe_del",0
"TCGA-AG-3894-01A-01W-1073-09","missense",0
"TCGA-AG-3894-01A-01W-1073-09","inframe_ins",0
"TCGA-AG-3896-01A-01W-1073-09","FS",0
"TCGA-AG-3896-01A-01W-1073-09","inframe_del",0
"TCGA-AG-3896-01A-01W-1073-09","inframe_ins",0
"TCGA-AG-3898-01A-01W-1073-09","inframe_ins",0
"TCGA-AG-3898-01A-01W-1073-09","missense",0
"TCGA-AG-3898-01A-01W-1073-09","FS",0
"TCGA-AG-3898-01A-01W-1073-09","inframe_del",0
"TCGA-AG-3901-01A-01W-1073-09","missense",0
"TCGA-AG-3901-01A-01W-1073-09","inframe_ins",0
"TCGA-AG-3901-01A-01W-1073-09","FS",0
"TCGA-AG-3901-01A-01W-1073-09","inframe_del",0
"TCGA-AG-3902-01A-01W-1073-09","inframe_del",0
"TCGA-AG-3902-01A-01W-1073-09","inframe_ins",0
"TCGA-AG-3902-01A-01W-1073-09","FS",0
"TCGA-AG-3909-01A-01W-1073-09","inframe_del",0
"TCGA-AG-3909-01A-01W-1073-09","FS",0
"TCGA-AG-3909-01A-01W-1073-09","inframe_ins",0
"TCGA-AG-3999-01A-01W-1073-09","inframe_del",0
"TCGA-AG-3999-01A-01W-1073-09","inframe_ins",0
"TCGA-AG-3999-01A-01W-1073-09","FS",0
"TCGA-AG-4001-01A-02W-1073-09","inframe_ins",0
"TCGA-AG-4001-01A-02W-1073-09","FS",0
"TCGA-AG-4001-01A-02W-1073-09","inframe_del",0
"TCGA-AG-4005-01A-01W-1073-09","inframe_ins",0
"TCGA-AG-4005-01A-01W-1073-09","FS",0
"TCGA-AG-4005-01A-01W-1073-09","inframe_del",0
"TCGA-AG-4007-01A-01W-1073-09","inframe_del",0
"TCGA-AG-4007-01A-01W-1073-09","FS",0
"TCGA-AG-4007-01A-01W-1073-09","inframe_ins",0
"TCGA-AG-4008-01A-01W-1073-09","inframe_del",0
"TCGA-AG-4008-01A-01W-1073-09","inframe_ins",0
"TCGA-AG-4008-01A-01W-1073-09","FS",0
"TCGA-AG-4015-01A-01W-1073-09","inframe_del",0
"TCGA-AG-4015-01A-01W-1073-09","inframe_ins",0
"TCGA-AG-4015-01A-01W-1073-09","FS",0
"TCGA-AG-4021-01A-01D-1733-10","inframe_del",0
"TCGA-AG-4021-01A-01D-1733-10","FS",0
"TCGA-AG-4021-01A-01D-1733-10","inframe_ins",0
"TCGA-AG-4022-01A-01D-1733-10","missense",0
"TCGA-AG-4022-01A-01D-1733-10","inframe_ins",0
"TCGA-AG-4022-01A-01D-1733-10","inframe_del",0
"TCGA-AG-A00H-01A-01W-A00E-09","FS",0
"TCGA-AG-A00H-01A-01W-A00E-09","inframe_ins",0
"TCGA-AG-A00H-01A-01W-A00E-09","inframe_del",0
"TCGA-AG-A00Y-01A-02W-A00K-09","FS",0
"TCGA-AG-A00Y-01A-02W-A00K-09","inframe_del",0
"TCGA-AG-A00Y-01A-02W-A00K-09","inframe_ins",0
"TCGA-AG-A014-01A-02W-A00K-09","FS",0
"TCGA-AG-A014-01A-02W-A00K-09","inframe_del",0
"TCGA-AG-A014-01A-02W-A00K-09","inframe_ins",0
"TCGA-AG-A016-01A-01W-A00K-09","inframe_ins",0
"TCGA-AG-A016-01A-01W-A00K-09","FS",0
"TCGA-AG-A016-01A-01W-A00K-09","inframe_del",0
"TCGA-AG-A01J-01A-01W-A00E-09","missense",0
"TCGA-AG-A01J-01A-01W-A00E-09","inframe_ins",0
"TCGA-AG-A01J-01A-01W-A00E-09","FS",0
"TCGA-AG-A01J-01A-01W-A00E-09","inframe_del",0
"TCGA-AG-A01L-01A-01W-A00K-09","FS",0
"TCGA-AG-A01L-01A-01W-A00K-09","inframe_del",0
"TCGA-AG-A01L-01A-01W-A00K-09","missense",0
"TCGA-AG-A01L-01A-01W-A00K-09","inframe_ins",0
"TCGA-AG-A01N-01A-01W-A00E-09","inframe_del",0
"TCGA-AG-A01N-01A-01W-A00E-09","FS",0
"TCGA-AG-A01N-01A-01W-A00E-09","inframe_ins",0
"TCGA-AG-A01W-01A-21W-A096-10","inframe_del",0
"TCGA-AG-A01W-01A-21W-A096-10","inframe_ins",0
"TCGA-AG-A01W-01A-21W-A096-10","FS",0
"TCGA-AG-A01Y-01A-41W-A096-10","FS",0
"TCGA-AG-A01Y-01A-41W-A096-10","inframe_ins",0
"TCGA-AG-A01Y-01A-41W-A096-10","inframe_del",0
"TCGA-AG-A020-01A-21W-A096-10","inframe_del",0
"TCGA-AG-A020-01A-21W-A096-10","FS",0
"TCGA-AG-A020-01A-21W-A096-10","inframe_ins",0
"TCGA-AG-A023-01A-01W-A00E-09","inframe_ins",0
"TCGA-AG-A023-01A-01W-A00E-09","FS",0
"TCGA-AG-A023-01A-01W-A00E-09","inframe_del",0
"TCGA-AG-A025-01A-01W-A00E-09","FS",0
"TCGA-AG-A025-01A-01W-A00E-09","inframe_ins",0
"TCGA-AG-A025-01A-01W-A00E-09","inframe_del",0
"TCGA-AG-A026-01A-32W-A096-10","inframe_del",0
"TCGA-AG-A026-01A-32W-A096-10","inframe_ins",0
"TCGA-AG-A026-01A-32W-A096-10","FS",0
"TCGA-AG-A02G-01A-01W-A00E-09","FS",0
"TCGA-AG-A02G-01A-01W-A00E-09","inframe_ins",0
"TCGA-AG-A02G-01A-01W-A00E-09","inframe_del",0
"TCGA-AG-A02N-01A-11D-A183-10","inframe_ins",0
"TCGA-AG-A02N-01A-11D-A183-10","inframe_del",0
"TCGA-AG-A02X-01A-01W-A00E-09","FS",0
"TCGA-AG-A02X-01A-01W-A00E-09","inframe_del",0
"TCGA-AG-A02X-01A-01W-A00E-09","inframe_ins",0
"TCGA-AG-A032-01A-01W-A00E-09","FS",0
"TCGA-AG-A032-01A-01W-A00E-09","inframe_del",0
"TCGA-AG-A036-01A-12W-A096-10","inframe_ins",0
"TCGA-AG-A036-01A-12W-A096-10","inframe_del",0
"TCGA-AG-A036-01A-12W-A096-10","FS",0
"TCGA-AH-6544-01A-11D-1826-10","FS",0
"TCGA-AH-6544-01A-11D-1826-10","inframe_del",0
"TCGA-AH-6544-01A-11D-1826-10","inframe_ins",0
"TCGA-AH-6544-01A-11D-1826-10","missense",0
"TCGA-AH-6547-01A-11D-1826-10","FS",0
"TCGA-AH-6547-01A-11D-1826-10","inframe_del",0
"TCGA-AH-6547-01A-11D-1826-10","inframe_ins",0
"TCGA-AH-6547-01A-11D-1826-10","missense",0
"TCGA-AH-6549-01A-11D-1826-10","inframe_del",0
"TCGA-AH-6549-01A-11D-1826-10","FS",0
"TCGA-AH-6549-01A-11D-1826-10","inframe_ins",0
"TCGA-AH-6643-01A-11D-1826-10","inframe_ins",0
"TCGA-AH-6643-01A-11D-1826-10","inframe_del",0
"TCGA-AH-6643-01A-11D-1826-10","FS",0
"TCGA-AH-6644-01A-21D-1826-10","FS",0
"TCGA-AH-6644-01A-21D-1826-10","inframe_del",0
"TCGA-AH-6644-01A-21D-1826-10","inframe_ins",0
"TCGA-AH-6897-01A-11D-1924-10","FS",0
"TCGA-AH-6897-01A-11D-1924-10","inframe_ins",0
"TCGA-AH-6897-01A-11D-1924-10","inframe_del",0
"TCGA-AH-6903-01A-11D-1924-10","FS",0
"TCGA-AH-6903-01A-11D-1924-10","inframe_del",0
"TCGA-AH-6903-01A-11D-1924-10","inframe_ins",0
"TCGA-AH-6903-01A-11D-1924-10","missense",0
"TCGA-AM-5820-01A-01D-1650-10","inframe_ins",0
"TCGA-AM-5820-01A-01D-1650-10","inframe_del",0
"TCGA-AM-5820-01A-01D-1650-10","FS",0
"TCGA-AM-5821-01A-01D-1650-10","inframe_ins",0
"TCGA-AM-5821-01A-01D-1650-10","inframe_del",0
"TCGA-AU-3779-01A-01D-1719-10","inframe_del",0
"TCGA-AU-3779-01A-01D-1719-10","inframe_ins",0
"TCGA-AU-3779-01A-01D-1719-10","FS",0
"TCGA-AU-6004-01A-11D-1719-10","inframe_ins",0
"TCGA-AY-4070-01A-01W-1073-09","FS",0
"TCGA-AY-4070-01A-01W-1073-09","inframe_ins",0
"TCGA-AY-4071-01A-01W-1073-09","inframe_ins",0
"TCGA-AY-4071-01A-01W-1073-09","inframe_del",0
"TCGA-AY-5543-01A-01D-1650-10","inframe_ins",0
"TCGA-AY-6196-01A-11D-1719-10","FS",0
"TCGA-AY-6196-01A-11D-1719-10","inframe_ins",0
"TCGA-AY-6196-01A-11D-1719-10","inframe_del",0
"TCGA-AY-6197-01A-11D-1719-10","inframe_del",0
"TCGA-AY-6197-01A-11D-1719-10","inframe_ins",0
"TCGA-AY-6386-01A-21D-1719-10","inframe_del",0
"TCGA-AY-6386-01A-21D-1719-10","inframe_ins",0
"TCGA-AY-A54L-01A-11D-A28G-10","inframe_del",0
"TCGA-AY-A54L-01A-11D-A28G-10","inframe_ins",0
"TCGA-AY-A69D-01A-11D-A36X-10","inframe_del",0
"TCGA-AY-A69D-01A-11D-A36X-10","inframe_ins",0
"TCGA-AY-A71X-01A-12D-A36X-10","inframe_ins",0
"TCGA-AY-A71X-01A-12D-A36X-10","inframe_del",0
"TCGA-AY-A8YK-01A-11D-A40P-10","inframe_del",0
"TCGA-AY-A8YK-01A-11D-A40P-10","inframe_ins",0
"TCGA-AY-A8YK-01A-11D-A40P-10","FS",0
"TCGA-AZ-4308-01A-01D-1408-10","FS",0
"TCGA-AZ-4308-01A-01D-1408-10","inframe_del",0
"TCGA-AZ-4308-01A-01D-1408-10","inframe_ins",0
"TCGA-AZ-4313-01A-01D-1408-10","inframe_ins",0
"TCGA-AZ-4315-01A-01D-1408-10","inframe_del",0
"TCGA-AZ-4315-01A-01D-1408-10","inframe_ins",0
"TCGA-AZ-4323-01A-21D-1835-10","inframe_del",0
"TCGA-AZ-4323-01A-21D-1835-10","inframe_ins",0
"TCGA-AZ-4323-01A-21D-1835-10","FS",0
"TCGA-AZ-4614-01A-01D-1408-10","FS",0
"TCGA-AZ-4614-01A-01D-1408-10","inframe_ins",0
"TCGA-AZ-4615-01A-01D-1408-10","inframe_ins",0
"TCGA-AZ-4616-01A-21D-1835-10","inframe_del",0
"TCGA-AZ-4616-01A-21D-1835-10","inframe_ins",0
"TCGA-AZ-4681-01A-01D-1408-10","missense",0
"TCGA-AZ-4681-01A-01D-1408-10","inframe_del",0
"TCGA-AZ-4681-01A-01D-1408-10","FS",0
"TCGA-AZ-4681-01A-01D-1408-10","inframe_ins",0
"TCGA-AZ-4682-01B-01D-1408-10","inframe_del",0
"TCGA-AZ-4682-01B-01D-1408-10","inframe_ins",0
"TCGA-AZ-4684-01A-01D-1408-10","FS",0
"TCGA-AZ-4684-01A-01D-1408-10","inframe_del",0
"TCGA-AZ-4684-01A-01D-1408-10","inframe_ins",0
"TCGA-AZ-5403-01A-01D-1650-10","inframe_ins",0
"TCGA-AZ-5403-01A-01D-1650-10","inframe_del",0
"TCGA-AZ-5407-01A-01D-1719-10","FS",0
"TCGA-AZ-5407-01A-01D-1719-10","inframe_del",0
"TCGA-AZ-5407-01A-01D-1719-10","inframe_ins",0
"TCGA-AZ-6598-01A-11D-1771-10","inframe_ins",0
"TCGA-AZ-6599-01A-11D-1771-10","inframe_ins",0
"TCGA-AZ-6600-01A-11D-1771-10","inframe_ins",0
"TCGA-AZ-6600-01A-11D-1771-10","inframe_del",0
"TCGA-AZ-6600-01A-11D-1771-10","FS",0
"TCGA-AZ-6601-01A-11D-1771-10","inframe_del",0
"TCGA-AZ-6601-01A-11D-1771-10","inframe_ins",0
"TCGA-AZ-6603-01A-11D-1835-10","inframe_ins",0
"TCGA-AZ-6603-01A-11D-1835-10","inframe_del",0
"TCGA-AZ-6605-01A-11D-1835-10","inframe_ins",0
"TCGA-AZ-6605-01A-11D-1835-10","FS",0
"TCGA-AZ-6605-01A-11D-1835-10","inframe_del",0
"TCGA-AZ-6606-01A-11D-1835-10","inframe_del",0
"TCGA-AZ-6606-01A-11D-1835-10","inframe_ins",0
"TCGA-AZ-6607-01A-11D-1835-10","inframe_del",0
"TCGA-AZ-6607-01A-11D-1835-10","inframe_ins",0
"TCGA-AZ-6607-01A-11D-1835-10","FS",0
"TCGA-AZ-6608-01A-11D-1835-10","inframe_ins",0
"TCGA-AZ-6608-01A-11D-1835-10","inframe_del",0
"TCGA-BM-6198-01A-11D-1733-10","inframe_del",0
"TCGA-BM-6198-01A-11D-1733-10","FS",0
"TCGA-BM-6198-01A-11D-1733-10","inframe_ins",0
"TCGA-CA-5254-01A-21D-1835-10","inframe_ins",0
"TCGA-CA-5254-01A-21D-1835-10","inframe_del",0
"TCGA-CA-5255-01A-11D-1835-10","inframe_del",0
"TCGA-CA-5255-01A-11D-1835-10","inframe_ins",0
"TCGA-CA-5255-01A-11D-1835-10","FS",0
"TCGA-CA-5256-01A-01D-1408-10","inframe_del",0
"TCGA-CA-5256-01A-01D-1408-10","inframe_ins",0
"TCGA-CA-5796-01A-01D-1650-10","inframe_ins",0
"TCGA-CA-5796-01A-01D-1650-10","inframe_del",0
"TCGA-CA-5796-01A-01D-1650-10","FS",0
"TCGA-CA-5797-01A-01D-1650-10","inframe_ins",0
"TCGA-CA-5797-01A-01D-1650-10","inframe_del",0
"TCGA-CA-6715-01A-21D-1835-10","inframe_del",0
"TCGA-CA-6715-01A-21D-1835-10","inframe_ins",0
"TCGA-CA-6715-01A-21D-1835-10","FS",0
"TCGA-CA-6716-01A-11D-1835-10","inframe_del",0
"TCGA-CA-6716-01A-11D-1835-10","inframe_ins",0
"TCGA-CA-6717-01A-11D-1835-10","inframe_ins",0
"TCGA-CA-6717-01A-11D-1835-10","inframe_del",0
"TCGA-CA-6718-01A-11D-1835-10","FS",0
"TCGA-CA-6718-01A-11D-1835-10","inframe_ins",0
"TCGA-CA-6718-01A-11D-1835-10","inframe_del",0
"TCGA-CA-6719-01A-11D-1835-10","inframe_ins",0
"TCGA-CA-6719-01A-11D-1835-10","FS",0
"TCGA-CA-6719-01A-11D-1835-10","inframe_del",0
"TCGA-CI-6619-01B-11D-1826-10","inframe_ins",0
"TCGA-CI-6619-01B-11D-1826-10","missense",0
"TCGA-CI-6619-01B-11D-1826-10","inframe_del",0
"TCGA-CI-6619-01B-11D-1826-10","FS",0
"TCGA-CI-6620-01A-11D-1826-10","inframe_ins",0
"TCGA-CI-6620-01A-11D-1826-10","inframe_del",0
"TCGA-CI-6620-01A-11D-1826-10","FS",0
"TCGA-CI-6621-01A-11D-1826-10","FS",0
"TCGA-CI-6621-01A-11D-1826-10","inframe_ins",0
"TCGA-CI-6621-01A-11D-1826-10","inframe_del",0
"TCGA-CI-6621-01A-11D-1826-10","missense",0
"TCGA-CI-6622-01A-11D-1826-10","FS",0
"TCGA-CI-6622-01A-11D-1826-10","inframe_ins",0
"TCGA-CI-6622-01A-11D-1826-10","inframe_del",0
"TCGA-CI-6623-01B-11D-1826-10","missense",0
"TCGA-CI-6623-01B-11D-1826-10","inframe_ins",0
"TCGA-CI-6623-01B-11D-1826-10","inframe_del",0
"TCGA-CI-6623-01B-11D-1826-10","FS",0
"TCGA-CI-6624-01C-11D-1826-10","inframe_del",0
"TCGA-CI-6624-01C-11D-1826-10","FS",0
"TCGA-CI-6624-01C-11D-1826-10","inframe_ins",0
"TCGA-CK-4947-01B-11D-1650-10","inframe_del",0
"TCGA-CK-4947-01B-11D-1650-10","inframe_ins",0
"TCGA-CK-4948-01B-11D-1650-10","inframe_ins",0
"TCGA-CK-4948-01B-11D-1650-10","FS",0
"TCGA-CK-4948-01B-11D-1650-10","inframe_del",0
"TCGA-CK-4950-01A-01D-1719-10","FS",0
"TCGA-CK-4950-01A-01D-1719-10","inframe_ins",0
"TCGA-CK-4950-01A-01D-1719-10","inframe_del",0
"TCGA-CK-4951-01A-01D-1408-10","inframe_del",0
"TCGA-CK-4951-01A-01D-1408-10","inframe_ins",0
"TCGA-CK-4952-01A-01D-1719-10","inframe_ins",0
"TCGA-CK-4952-01A-01D-1719-10","inframe_del",0
"TCGA-CK-5912-01A-11D-1650-10","inframe_del",0
"TCGA-CK-5912-01A-11D-1650-10","inframe_ins",0
"TCGA-CK-5913-01A-11D-1650-10","inframe_ins",0
"TCGA-CK-5913-01A-11D-1650-10","inframe_del",0
"TCGA-CK-5914-01A-11D-1650-10","inframe_del",0
"TCGA-CK-5914-01A-11D-1650-10","inframe_ins",0
"TCGA-CK-5914-01A-11D-1650-10","FS",0
"TCGA-CK-5915-01A-11D-1650-10","inframe_ins",0
"TCGA-CK-5915-01A-11D-1650-10","inframe_del",0
"TCGA-CK-5916-01A-11D-1650-10","inframe_ins",0
"TCGA-CK-6746-01A-11D-1835-10","inframe_ins",0
"TCGA-CK-6747-01A-11D-1835-10","inframe_ins",0
"TCGA-CK-6748-01A-11D-1835-10","inframe_ins",0
"TCGA-CK-6748-01A-11D-1835-10","inframe_del",0
"TCGA-CK-6751-01A-11D-1835-10","inframe_ins",0
"TCGA-CK-6751-01A-11D-1835-10","inframe_del",0
"TCGA-CL-4957-01A-01D-1733-10","missense",0
"TCGA-CL-4957-01A-01D-1733-10","FS",0
"TCGA-CL-4957-01A-01D-1733-10","inframe_ins",0
"TCGA-CL-4957-01A-01D-1733-10","inframe_del",0
"TCGA-CL-5917-01A-11D-1657-10","inframe_ins",0
"TCGA-CL-5917-01A-11D-1657-10","inframe_del",0
"TCGA-CL-5917-01A-11D-1657-10","FS",0
"TCGA-CL-5918-01A-11D-1657-10","inframe_del",0
"TCGA-CL-5918-01A-11D-1657-10","FS",0
"TCGA-CL-5918-01A-11D-1657-10","inframe_ins",0
"TCGA-CM-4743-01A-01D-1719-10","inframe_del",0
"TCGA-CM-4743-01A-01D-1719-10","inframe_ins",0
"TCGA-CM-4744-01A-01D-1408-10","inframe_ins",0
"TCGA-CM-4744-01A-01D-1408-10","FS",0
"TCGA-CM-4744-01A-01D-1408-10","inframe_del",0
"TCGA-CM-4746-01A-01D-1408-10","inframe_ins",0
"TCGA-CM-4747-01A-01D-1408-10","inframe_ins",0
"TCGA-CM-4748-01A-01D-1408-10","inframe_ins",0
"TCGA-CM-4748-01A-01D-1408-10","inframe_del",0
"TCGA-CM-4748-01A-01D-1408-10","FS",0
"TCGA-CM-4750-01A-01D-1408-10","inframe_del",0
"TCGA-CM-4750-01A-01D-1408-10","inframe_ins",0
"TCGA-CM-4751-01A-02D-1835-10","inframe_del",0
"TCGA-CM-4751-01A-02D-1835-10","inframe_ins",0
"TCGA-CM-4752-01A-01D-1408-10","FS",0
"TCGA-CM-4752-01A-01D-1408-10","inframe_del",0
"TCGA-CM-4752-01A-01D-1408-10","inframe_ins",0
"TCGA-CM-5341-01A-01D-1408-10","inframe_ins",0
"TCGA-CM-5341-01A-01D-1408-10","FS",0
"TCGA-CM-5341-01A-01D-1408-10","inframe_del",0
"TCGA-CM-5344-01A-21D-1719-10","FS",0
"TCGA-CM-5344-01A-21D-1719-10","inframe_ins",0
"TCGA-CM-5344-01A-21D-1719-10","inframe_del",0
"TCGA-CM-5348-01A-21D-1719-10","inframe_del",0
"TCGA-CM-5348-01A-21D-1719-10","inframe_ins",0
"TCGA-CM-5348-01A-21D-1719-10","FS",0
"TCGA-CM-5349-01A-21D-1719-10","inframe_del",0
"TCGA-CM-5349-01A-21D-1719-10","inframe_ins",0
"TCGA-CM-5860-01A-01D-1650-10","inframe_ins",0
"TCGA-CM-5860-01A-01D-1650-10","inframe_del",0
"TCGA-CM-5861-01A-01D-1650-10","inframe_ins",0
"TCGA-CM-5862-01A-01D-1650-10","inframe_ins",0
"TCGA-CM-5862-01A-01D-1650-10","inframe_del",0
"TCGA-CM-5863-01A-21D-1835-10","inframe_del",0
"TCGA-CM-5863-01A-21D-1835-10","inframe_ins",0
"TCGA-CM-5863-01A-21D-1835-10","FS",0
"TCGA-CM-5864-01A-01D-1650-10","FS",0
"TCGA-CM-5864-01A-01D-1650-10","inframe_ins",0
"TCGA-CM-5868-01A-01D-1650-10","inframe_ins",0
"TCGA-CM-5868-01A-01D-1650-10","inframe_del",0
"TCGA-CM-6161-01A-11D-1650-10","inframe_ins",0
"TCGA-CM-6161-01A-11D-1650-10","inframe_del",0
"TCGA-CM-6161-01A-11D-1650-10","FS",0
"TCGA-CM-6162-01A-11D-1650-10","inframe_ins",0
"TCGA-CM-6163-01A-11D-1650-10","inframe_ins",0
"TCGA-CM-6163-01A-11D-1650-10","inframe_del",0
"TCGA-CM-6163-01A-11D-1650-10","FS",0
"TCGA-CM-6164-01A-11D-1650-10","FS",0
"TCGA-CM-6164-01A-11D-1650-10","inframe_del",0
"TCGA-CM-6164-01A-11D-1650-10","inframe_ins",0
"TCGA-CM-6165-01A-11D-1650-10","inframe_ins",0
"TCGA-CM-6165-01A-11D-1650-10","inframe_del",0
"TCGA-CM-6166-01A-11D-1650-10","inframe_ins",0
"TCGA-CM-6166-01A-11D-1650-10","inframe_del",0
"TCGA-CM-6166-01A-11D-1650-10","FS",0
"TCGA-CM-6167-01A-11D-1650-10","inframe_ins",0
"TCGA-CM-6167-01A-11D-1650-10","missense",0
"TCGA-CM-6167-01A-11D-1650-10","inframe_del",0
"TCGA-CM-6167-01A-11D-1650-10","FS",0
"TCGA-CM-6168-01A-11D-1650-10","FS",0
"TCGA-CM-6168-01A-11D-1650-10","inframe_del",0
"TCGA-CM-6168-01A-11D-1650-10","inframe_ins",0
"TCGA-CM-6169-01A-11D-1650-10","inframe_del",0
"TCGA-CM-6169-01A-11D-1650-10","inframe_ins",0
"TCGA-CM-6169-01A-11D-1650-10","FS",0
"TCGA-CM-6170-01A-11D-1650-10","inframe_del",0
"TCGA-CM-6170-01A-11D-1650-10","FS",0
"TCGA-CM-6170-01A-11D-1650-10","inframe_ins",0
"TCGA-CM-6171-01A-11D-1650-10","inframe_ins",0
"TCGA-CM-6172-01A-11D-1650-10","inframe_del",0
"TCGA-CM-6172-01A-11D-1650-10","inframe_ins",0
"TCGA-CM-6674-01A-11D-1835-10","inframe_ins",0
"TCGA-CM-6675-01A-11D-1835-10","inframe_ins",0
"TCGA-CM-6675-01A-11D-1835-10","inframe_del",0
"TCGA-CM-6676-01A-11D-1835-10","inframe_ins",0
"TCGA-CM-6676-01A-11D-1835-10","FS",0
"TCGA-CM-6676-01A-11D-1835-10","inframe_del",0
"TCGA-CM-6677-01A-11D-1835-10","inframe_ins",0
"TCGA-CM-6677-01A-11D-1835-10","inframe_del",0
"TCGA-CM-6678-01A-11D-1835-10","inframe_ins",0
"TCGA-CM-6678-01A-11D-1835-10","inframe_del",0
"TCGA-CM-6679-01A-11D-1835-10","inframe_del",0
"TCGA-CM-6679-01A-11D-1835-10","inframe_ins",0
"TCGA-CM-6680-01A-11D-1835-10","inframe_del",0
"TCGA-CM-6680-01A-11D-1835-10","inframe_ins",0
"TCGA-D5-5537-01A-21D-1924-10","inframe_ins",0
"TCGA-D5-5537-01A-21D-1924-10","inframe_del",0
"TCGA-D5-5538-01A-01D-1650-10","inframe_del",0
"TCGA-D5-5538-01A-01D-1650-10","FS",0
"TCGA-D5-5538-01A-01D-1650-10","inframe_ins",0
"TCGA-D5-5539-01A-01D-1650-10","inframe_ins",0
"TCGA-D5-5539-01A-01D-1650-10","inframe_del",0
"TCGA-D5-5540-01A-01D-1650-10","inframe_del",0
"TCGA-D5-5540-01A-01D-1650-10","inframe_ins",0
"TCGA-D5-5540-01A-01D-1650-10","FS",0
"TCGA-D5-5541-01A-01D-1650-10","inframe_del",0
"TCGA-D5-5541-01A-01D-1650-10","FS",0
"TCGA-D5-5541-01A-01D-1650-10","inframe_ins",0
"TCGA-D5-6529-01A-11D-1771-10","missense",0
"TCGA-D5-6529-01A-11D-1771-10","inframe_del",0
"TCGA-D5-6529-01A-11D-1771-10","inframe_ins",0
"TCGA-D5-6529-01A-11D-1771-10","FS",0
"TCGA-D5-6530-01A-11D-1719-10","inframe_del",0
"TCGA-D5-6530-01A-11D-1719-10","inframe_ins",0
"TCGA-D5-6531-01A-11D-1719-10","inframe_del",0
"TCGA-D5-6531-01A-11D-1719-10","inframe_ins",0
"TCGA-D5-6532-01A-11D-1719-10","inframe_del",0
"TCGA-D5-6532-01A-11D-1719-10","inframe_ins",0
"TCGA-D5-6533-01A-11D-1719-10","inframe_ins",0
"TCGA-D5-6533-01A-11D-1719-10","inframe_del",0
"TCGA-D5-6534-01A-21D-1924-10","inframe_ins",0
"TCGA-D5-6534-01A-21D-1924-10","FS",0
"TCGA-D5-6534-01A-21D-1924-10","inframe_del",0
"TCGA-D5-6535-01A-11D-1719-10","inframe_ins",0
"TCGA-D5-6535-01A-11D-1719-10","inframe_del",0
"TCGA-D5-6535-01A-11D-1719-10","FS",0
"TCGA-D5-6536-01A-11D-1719-10","inframe_del",0
"TCGA-D5-6536-01A-11D-1719-10","inframe_ins",0
"TCGA-D5-6537-01A-11D-1719-10","FS",0
"TCGA-D5-6537-01A-11D-1719-10","inframe_ins",0
"TCGA-D5-6537-01A-11D-1719-10","inframe_del",0
"TCGA-D5-6538-01A-11D-1719-10","inframe_del",0
"TCGA-D5-6538-01A-11D-1719-10","inframe_ins",0
"TCGA-D5-6539-01A-11D-1719-10","FS",0
"TCGA-D5-6539-01A-11D-1719-10","inframe_del",0
"TCGA-D5-6539-01A-11D-1719-10","inframe_ins",0
"TCGA-D5-6540-01A-11D-1719-10","inframe_ins",0
"TCGA-D5-6541-01A-11D-1719-10","inframe_del",0
"TCGA-D5-6541-01A-11D-1719-10","inframe_ins",0
"TCGA-D5-6541-01A-11D-1719-10","FS",0
"TCGA-D5-6898-01A-11D-1924-10","inframe_ins",0
"TCGA-D5-6898-01A-11D-1924-10","inframe_del",0
"TCGA-D5-6920-01A-11D-1924-10","inframe_ins",0
"TCGA-D5-6920-01A-11D-1924-10","inframe_del",0
"TCGA-D5-6922-01A-11D-1924-10","inframe_ins",0
"TCGA-D5-6922-01A-11D-1924-10","inframe_del",0
"TCGA-D5-6924-01A-11D-1924-10","inframe_del",0
"TCGA-D5-6924-01A-11D-1924-10","inframe_ins",0
"TCGA-D5-6926-01A-11D-1924-10","inframe_ins",0
"TCGA-D5-6926-01A-11D-1924-10","inframe_del",0
"TCGA-D5-6926-01A-11D-1924-10","FS",0
"TCGA-D5-6927-01A-21D-1924-10","inframe_del",0
"TCGA-D5-6927-01A-21D-1924-10","inframe_ins",0
"TCGA-D5-6928-01A-11D-1924-10","inframe_del",0
"TCGA-D5-6928-01A-11D-1924-10","inframe_ins",0
"TCGA-D5-6929-01A-31D-1924-10","inframe_del",0
"TCGA-D5-6929-01A-31D-1924-10","FS",0
"TCGA-D5-6929-01A-31D-1924-10","inframe_ins",0
"TCGA-D5-6930-01A-11D-1924-10","inframe_ins",0
"TCGA-D5-6930-01A-11D-1924-10","inframe_del",0
"TCGA-D5-6931-01A-11D-1924-10","FS",0
"TCGA-D5-6931-01A-11D-1924-10","inframe_ins",0
"TCGA-D5-6931-01A-11D-1924-10","inframe_del",0
"TCGA-D5-6932-01A-11D-1924-10","inframe_ins",0
"TCGA-D5-6932-01A-11D-1924-10","inframe_del",0
"TCGA-D5-7000-01A-11D-1924-10","inframe_ins",0
"TCGA-D5-7000-01A-11D-1924-10","inframe_del",0
"TCGA-DC-4745-01A-01D-1733-10","inframe_del",0
"TCGA-DC-4745-01A-01D-1733-10","inframe_ins",0
"TCGA-DC-4745-01A-01D-1733-10","FS",0
"TCGA-DC-4749-01A-01D-1733-10","missense",0
"TCGA-DC-4749-01A-01D-1733-10","inframe_ins",0
"TCGA-DC-4749-01A-01D-1733-10","inframe_del",0
"TCGA-DC-4749-01A-01D-1733-10","FS",0
"TCGA-DC-5337-01A-01D-1657-10","inframe_del",0
"TCGA-DC-5337-01A-01D-1657-10","FS",0
"TCGA-DC-5337-01A-01D-1657-10","inframe_ins",0
"TCGA-DC-5869-01A-01D-1657-10","inframe_ins",0
"TCGA-DC-5869-01A-01D-1657-10","inframe_del",0
"TCGA-DC-5869-01A-01D-1657-10","FS",0
"TCGA-DC-6154-01A-31D-1924-10","inframe_del",0
"TCGA-DC-6154-01A-31D-1924-10","inframe_ins",0
"TCGA-DC-6154-01A-31D-1924-10","FS",0
"TCGA-DC-6155-01A-11D-1657-10","inframe_ins",0
"TCGA-DC-6155-01A-11D-1657-10","inframe_del",0
"TCGA-DC-6155-01A-11D-1657-10","FS",0
"TCGA-DC-6155-01A-11D-1657-10","missense",0
"TCGA-DC-6157-01A-11D-1657-10","FS",0
"TCGA-DC-6157-01A-11D-1657-10","missense",0
"TCGA-DC-6157-01A-11D-1657-10","inframe_del",0
"TCGA-DC-6157-01A-11D-1657-10","inframe_ins",0
"TCGA-DC-6158-01A-11D-1657-10","inframe_ins",0
"TCGA-DC-6158-01A-11D-1657-10","inframe_del",0
"TCGA-DC-6158-01A-11D-1657-10","FS",0
"TCGA-DC-6160-01A-11D-1657-10","inframe_ins",0
"TCGA-DC-6160-01A-11D-1657-10","FS",0
"TCGA-DC-6160-01A-11D-1657-10","inframe_del",0
"TCGA-DC-6681-01A-11D-1826-10","FS",0
"TCGA-DC-6681-01A-11D-1826-10","inframe_ins",0
"TCGA-DC-6681-01A-11D-1826-10","inframe_del",0
"TCGA-DC-6682-01A-11D-1826-10","inframe_del",0
"TCGA-DC-6682-01A-11D-1826-10","inframe_ins",0
"TCGA-DC-6682-01A-11D-1826-10","FS",0
"TCGA-DC-6683-01A-11D-1826-10","inframe_del",0
"TCGA-DC-6683-01A-11D-1826-10","FS",0
"TCGA-DC-6683-01A-11D-1826-10","inframe_ins",0
"TCGA-DM-A0X9-01A-11D-A152-10","inframe_del",0
"TCGA-DM-A0X9-01A-11D-A152-10","inframe_ins",0
"TCGA-DM-A0XD-01A-12D-A152-10","inframe_del",0
"TCGA-DM-A0XD-01A-12D-A152-10","inframe_ins",0
"TCGA-DM-A0XF-01A-11D-A152-10","FS",0
"TCGA-DM-A0XF-01A-11D-A152-10","inframe_del",0
"TCGA-DM-A0XF-01A-11D-A152-10","inframe_ins",0
"TCGA-DM-A1D0-01A-11D-A152-10","inframe_ins",0
"TCGA-DM-A1D4-01A-21D-A152-10","inframe_del",0
"TCGA-DM-A1D4-01A-21D-A152-10","inframe_ins",0
"TCGA-DM-A1D6-01A-21D-A152-10","inframe_ins",0
"TCGA-DM-A1D6-01A-21D-A152-10","inframe_del",0
"TCGA-DM-A1D7-01A-11D-A152-10","inframe_ins",0
"TCGA-DM-A1D7-01A-11D-A152-10","inframe_del",0
"TCGA-DM-A1D8-01A-11D-A152-10","inframe_del",0
"TCGA-DM-A1D8-01A-11D-A152-10","inframe_ins",0
"TCGA-DM-A1D9-01A-11D-A152-10","inframe_ins",0
"TCGA-DM-A1D9-01A-11D-A152-10","inframe_del",0
"TCGA-DM-A1DA-01A-11D-A152-10","inframe_ins",0
"TCGA-DM-A1DA-01A-11D-A152-10","inframe_del",0
"TCGA-DM-A1DB-01A-11D-A152-10","FS",0
"TCGA-DM-A1DB-01A-11D-A152-10","inframe_del",0
"TCGA-DM-A1DB-01A-11D-A152-10","inframe_ins",0
"TCGA-DM-A1HA-01A-11D-A152-10","inframe_del",0
"TCGA-DM-A1HA-01A-11D-A152-10","inframe_ins",0
"TCGA-DM-A1HB-01A-21D-A183-10","inframe_ins",0
"TCGA-DM-A280-01A-12D-A16V-10","inframe_del",0
"TCGA-DM-A280-01A-12D-A16V-10","inframe_ins",0
"TCGA-DM-A282-01A-12D-A16V-10","inframe_ins",0
"TCGA-DM-A282-01A-12D-A16V-10","inframe_del",0
"TCGA-DM-A285-01A-11D-A16V-10","inframe_ins",0
"TCGA-DM-A285-01A-11D-A16V-10","inframe_del",0
"TCGA-DM-A288-01A-11D-A16V-10","inframe_del",0
"TCGA-DM-A288-01A-11D-A16V-10","inframe_ins",0
"TCGA-DM-A28A-01A-21D-A16V-10","inframe_ins",0
"TCGA-DM-A28C-01A-11D-A16V-10","inframe_ins",0
"TCGA-DM-A28C-01A-11D-A16V-10","inframe_del",0
"TCGA-DM-A28E-01A-11D-A16V-10","inframe_ins",0
"TCGA-DM-A28E-01A-11D-A16V-10","inframe_del",0
"TCGA-DM-A28F-01A-11D-A16V-10","inframe_del",0
"TCGA-DM-A28F-01A-11D-A16V-10","inframe_ins",0
"TCGA-DM-A28G-01A-11D-A16V-10","inframe_ins",0
"TCGA-DM-A28G-01A-11D-A16V-10","inframe_del",0
"TCGA-DM-A28G-01A-11D-A16V-10","FS",0
"TCGA-DM-A28H-01A-11D-A16V-10","inframe_ins",0
"TCGA-DM-A28H-01A-11D-A16V-10","inframe_del",0
"TCGA-DM-A28K-01A-21D-A16V-10","inframe_ins",0
"TCGA-DM-A28K-01A-21D-A16V-10","inframe_del",0
"TCGA-DM-A28M-01A-12D-A16V-10","inframe_ins",0
"TCGA-DM-A28M-01A-12D-A16V-10","inframe_del",0
"TCGA-DT-5265-01A-21D-1826-10","inframe_del",0
"TCGA-DT-5265-01A-21D-1826-10","FS",0
"TCGA-DT-5265-01A-21D-1826-10","inframe_ins",0
"TCGA-DY-A0XA-01A-11D-A152-10","inframe_del",0
"TCGA-DY-A0XA-01A-11D-A152-10","inframe_ins",0
"TCGA-DY-A0XA-01A-11D-A152-10","FS",0
"TCGA-DY-A1DC-01A-31D-A152-10","FS",0
"TCGA-DY-A1DC-01A-31D-A152-10","inframe_del",0
"TCGA-DY-A1DC-01A-31D-A152-10","inframe_ins",0
"TCGA-DY-A1DD-01A-21D-A152-10","FS",0
"TCGA-DY-A1DD-01A-21D-A152-10","inframe_del",0
"TCGA-DY-A1DD-01A-21D-A152-10","inframe_ins",0
"TCGA-DY-A1DF-01A-11D-A152-10","inframe_del",0
"TCGA-DY-A1DF-01A-11D-A152-10","inframe_ins",0
"TCGA-DY-A1DF-01A-11D-A152-10","FS",0
"TCGA-DY-A1DG-01A-11D-A152-10","inframe_ins",0
"TCGA-DY-A1DG-01A-11D-A152-10","inframe_del",0
"TCGA-DY-A1H8-01A-21D-A152-10","inframe_ins",0
"TCGA-DY-A1H8-01A-21D-A152-10","inframe_del",0
"TCGA-DY-A1H8-01A-21D-A152-10","FS",0
"TCGA-EF-5830-01A-01D-1657-10","FS",0
"TCGA-EF-5830-01A-01D-1657-10","inframe_ins",0
"TCGA-EF-5830-01A-01D-1657-10","inframe_del",0
"TCGA-EF-5831-01A-01D-1811-10","inframe_ins",0
"TCGA-EF-5831-01A-01D-1811-10","FS",0
"TCGA-EF-5831-01A-01D-1811-10","inframe_del",0
"TCGA-EI-6506-01A-11D-1733-10","FS",0
"TCGA-EI-6506-01A-11D-1733-10","inframe_ins",0
"TCGA-EI-6506-01A-11D-1733-10","inframe_del",0
"TCGA-EI-6507-01A-11D-1733-10","inframe_del",0
"TCGA-EI-6507-01A-11D-1733-10","inframe_ins",0
"TCGA-EI-6508-01A-11D-1733-10","inframe_ins",0
"TCGA-EI-6509-01A-11D-1733-10","inframe_ins",0
"TCGA-EI-6509-01A-11D-1733-10","inframe_del",0
"TCGA-EI-6509-01A-11D-1733-10","FS",0
"TCGA-EI-6509-01A-11D-1733-10","missense",0
"TCGA-EI-6510-01A-11D-1733-10","inframe_del",0
"TCGA-EI-6510-01A-11D-1733-10","inframe_ins",0
"TCGA-EI-6512-01A-11D-1733-10","inframe_ins",0
"TCGA-EI-6512-01A-11D-1733-10","inframe_del",0
"TCGA-EI-6512-01A-11D-1733-10","FS",0
"TCGA-EI-6513-01A-21D-1733-10","inframe_del",0
"TCGA-EI-6513-01A-21D-1733-10","inframe_ins",0
"TCGA-EI-6514-01A-11D-1733-10","inframe_del",0
"TCGA-EI-6514-01A-11D-1733-10","FS",0
"TCGA-EI-6514-01A-11D-1733-10","inframe_ins",0
"TCGA-EI-6881-01A-11D-1924-10","missense",0
"TCGA-EI-6881-01A-11D-1924-10","FS",0
"TCGA-EI-6881-01A-11D-1924-10","inframe_ins",0
"TCGA-EI-6881-01A-11D-1924-10","inframe_del",0
"TCGA-EI-6882-01A-11D-1924-10","inframe_ins",0
"TCGA-EI-6882-01A-11D-1924-10","inframe_del",0
"TCGA-EI-6883-01A-31D-1924-10","missense",0
"TCGA-EI-6883-01A-31D-1924-10","FS",0
"TCGA-EI-6883-01A-31D-1924-10","inframe_ins",0
"TCGA-EI-6883-01A-31D-1924-10","inframe_del",0
"TCGA-EI-6884-01A-11D-1924-10","inframe_ins",0
"TCGA-EI-6884-01A-11D-1924-10","inframe_del",0
"TCGA-EI-6884-01A-11D-1924-10","FS",0
"TCGA-EI-6885-01A-11D-1924-10","inframe_del",0
"TCGA-EI-6885-01A-11D-1924-10","inframe_ins",0
"TCGA-EI-6885-01A-11D-1924-10","FS",0
"TCGA-EI-6917-01A-11D-1924-10","inframe_del",0
"TCGA-EI-6917-01A-11D-1924-10","inframe_ins",0
"TCGA-EI-6917-01A-11D-1924-10","FS",0
"TCGA-EI-7002-01A-11D-1924-10","inframe_ins",0
"TCGA-EI-7002-01A-11D-1924-10","inframe_del",0
"TCGA-EI-7002-01A-11D-1924-10","FS",0
"TCGA-EI-7004-01A-11D-1924-10","inframe_del",0
"TCGA-EI-7004-01A-11D-1924-10","inframe_ins",0
"TCGA-F4-6459-01A-11D-1771-10","inframe_del",0
"TCGA-F4-6459-01A-11D-1771-10","inframe_ins",0
"TCGA-F4-6460-01A-11D-1771-10","FS",0
"TCGA-F4-6460-01A-11D-1771-10","inframe_ins",0
"TCGA-F4-6460-01A-11D-1771-10","inframe_del",0
"TCGA-F4-6461-01A-11D-1771-10","FS",0
"TCGA-F4-6461-01A-11D-1771-10","inframe_ins",0
"TCGA-F4-6461-01A-11D-1771-10","inframe_del",0
"TCGA-F4-6463-01A-11D-1719-10","FS",0
"TCGA-F4-6463-01A-11D-1719-10","inframe_del",0
"TCGA-F4-6463-01A-11D-1719-10","inframe_ins",0
"TCGA-F4-6569-01A-11D-1771-10","FS",0
"TCGA-F4-6569-01A-11D-1771-10","inframe_del",0
"TCGA-F4-6569-01A-11D-1771-10","inframe_ins",0
"TCGA-F4-6570-01A-11D-1771-10","inframe_ins",0
"TCGA-F4-6703-01A-11D-1835-10","inframe_del",0
"TCGA-F4-6703-01A-11D-1835-10","inframe_ins",0
"TCGA-F4-6704-01A-11D-1835-10","inframe_del",0
"TCGA-F4-6704-01A-11D-1835-10","inframe_ins",0
"TCGA-F4-6704-01A-11D-1835-10","FS",0
"TCGA-F4-6805-01A-11D-1835-10","FS",0
"TCGA-F4-6805-01A-11D-1835-10","inframe_ins",0
"TCGA-F4-6805-01A-11D-1835-10","inframe_del",0
"TCGA-F4-6806-01A-11D-1835-10","inframe_del",0
"TCGA-F4-6806-01A-11D-1835-10","FS",0
"TCGA-F4-6806-01A-11D-1835-10","inframe_ins",0
"TCGA-F4-6807-01A-11D-1835-10","inframe_ins",0
"TCGA-F4-6807-01A-11D-1835-10","FS",0
"TCGA-F4-6808-01A-11D-1835-10","FS",0
"TCGA-F4-6808-01A-11D-1835-10","inframe_del",0
"TCGA-F4-6808-01A-11D-1835-10","inframe_ins",0
"TCGA-F4-6809-01A-11D-1835-10","inframe_ins",0
"TCGA-F4-6809-01A-11D-1835-10","inframe_del",0
"TCGA-F4-6854-01A-11D-1924-10","inframe_ins",0
"TCGA-F4-6854-01A-11D-1924-10","inframe_del",0
"TCGA-F4-6855-01A-11D-1924-10","inframe_del",0
"TCGA-F4-6855-01A-11D-1924-10","inframe_ins",0
"TCGA-F4-6855-01A-11D-1924-10","FS",0
"TCGA-F4-6856-01A-11D-1924-10","inframe_ins",0
"TCGA-F5-6464-01A-11D-1733-10","inframe_del",0
"TCGA-F5-6464-01A-11D-1733-10","inframe_ins",0
"TCGA-F5-6464-01A-11D-1733-10","FS",0
"TCGA-F5-6464-01A-11D-1733-10","missense",0
"TCGA-F5-6465-01A-11D-1733-10","missense",0
"TCGA-F5-6465-01A-11D-1733-10","inframe_ins",0
"TCGA-F5-6465-01A-11D-1733-10","inframe_del",0
"TCGA-F5-6465-01A-11D-1733-10","FS",0
"TCGA-F5-6571-01A-12D-1826-10","inframe_del",0
"TCGA-F5-6571-01A-12D-1826-10","inframe_ins",0
"TCGA-F5-6702-01A-11D-1826-10","FS",0
"TCGA-F5-6702-01A-11D-1826-10","inframe_ins",0
"TCGA-F5-6702-01A-11D-1826-10","inframe_del",0
"TCGA-F5-6810-01A-11D-1826-10","FS",0
"TCGA-F5-6810-01A-11D-1826-10","inframe_del",0
"TCGA-F5-6810-01A-11D-1826-10","inframe_ins",0
"TCGA-F5-6811-01A-11D-1826-10","inframe_ins",0
"TCGA-F5-6811-01A-11D-1826-10","inframe_del",0
"TCGA-F5-6811-01A-11D-1826-10","FS",0
"TCGA-F5-6812-01A-11D-1826-10","FS",0
"TCGA-F5-6812-01A-11D-1826-10","inframe_ins",0
"TCGA-F5-6812-01A-11D-1826-10","inframe_del",0
"TCGA-F5-6813-01A-11D-1826-10","missense",0
"TCGA-F5-6813-01A-11D-1826-10","inframe_del",0
"TCGA-F5-6813-01A-11D-1826-10","inframe_ins",0
"TCGA-F5-6813-01A-11D-1826-10","FS",0
"TCGA-F5-6814-01A-31D-1924-10","inframe_del",0
"TCGA-F5-6814-01A-31D-1924-10","inframe_ins",0
"TCGA-F5-6814-01A-31D-1924-10","FS",0
"TCGA-F5-6861-01A-11D-1924-10","FS",0
"TCGA-F5-6861-01A-11D-1924-10","inframe_del",0
"TCGA-F5-6861-01A-11D-1924-10","inframe_ins",0
"TCGA-F5-6863-01A-11D-1924-10","missense",0
"TCGA-F5-6863-01A-11D-1924-10","inframe_del",0
"TCGA-F5-6863-01A-11D-1924-10","FS",0
"TCGA-F5-6863-01A-11D-1924-10","inframe_ins",0
"TCGA-F5-6864-01A-11D-1924-10","inframe_del",0
"TCGA-F5-6864-01A-11D-1924-10","inframe_ins",0
"TCGA-G4-6293-01A-11D-1719-10","inframe_ins",0
"TCGA-G4-6294-01A-11D-1806-10","inframe_del",0
"TCGA-G4-6294-01A-11D-1806-10","inframe_ins",0
"TCGA-G4-6295-01A-11D-1719-10","inframe_del",0
"TCGA-G4-6295-01A-11D-1719-10","inframe_ins",0
"TCGA-G4-6297-01A-11D-1719-10","inframe_ins",0
"TCGA-G4-6297-01A-11D-1719-10","inframe_del",0
"TCGA-G4-6298-01A-11D-1719-10","FS",0
"TCGA-G4-6298-01A-11D-1719-10","inframe_ins",0
"TCGA-G4-6298-01A-11D-1719-10","inframe_del",0
"TCGA-G4-6299-01A-11D-1771-10","inframe_del",0
"TCGA-G4-6299-01A-11D-1771-10","inframe_ins",0
"TCGA-G4-6302-01A-11D-1719-10","FS",0
"TCGA-G4-6302-01A-11D-1719-10","inframe_del",0
"TCGA-G4-6302-01A-11D-1719-10","inframe_ins",0
"TCGA-G4-6302-01A-11D-1719-10","missense",0
"TCGA-G4-6303-01A-11D-1771-10","FS",0
"TCGA-G4-6303-01A-11D-1771-10","inframe_del",0
"TCGA-G4-6303-01A-11D-1771-10","inframe_ins",0
"TCGA-G4-6304-01A-11D-1924-10","inframe_del",0
"TCGA-G4-6304-01A-11D-1924-10","FS",0
"TCGA-G4-6304-01A-11D-1924-10","missense",0
"TCGA-G4-6304-01A-11D-1924-10","inframe_ins",0
"TCGA-G4-6306-01A-11D-1771-10","inframe_ins",0
"TCGA-G4-6307-01A-11D-1719-10","inframe_del",0
"TCGA-G4-6307-01A-11D-1719-10","inframe_ins",0
"TCGA-G4-6307-01A-11D-1719-10","FS",0
"TCGA-G4-6309-01A-21D-1835-10","inframe_ins",0
"TCGA-G4-6310-01A-11D-1719-10","inframe_ins",0
"TCGA-G4-6310-01A-11D-1719-10","FS",0
"TCGA-G4-6310-01A-11D-1719-10","inframe_del",0
"TCGA-G4-6311-01A-11D-1719-10","inframe_ins",0
"TCGA-G4-6311-01A-11D-1719-10","inframe_del",0
"TCGA-G4-6311-01A-11D-1719-10","FS",0
"TCGA-G4-6314-01A-11D-1719-10","inframe_del",0
"TCGA-G4-6314-01A-11D-1719-10","inframe_ins",0
"TCGA-G4-6315-01A-11D-1719-10","inframe_ins",0
"TCGA-G4-6315-01A-11D-1719-10","inframe_del",0
"TCGA-G4-6317-01A-11D-1719-10","inframe_ins",0
"TCGA-G4-6320-01A-11D-1719-10","inframe_ins",0
"TCGA-G4-6320-01A-11D-1719-10","inframe_del",0
"TCGA-G4-6321-01A-11D-1719-10","FS",0
"TCGA-G4-6321-01A-11D-1719-10","inframe_del",0
"TCGA-G4-6321-01A-11D-1719-10","missense",0
"TCGA-G4-6321-01A-11D-1719-10","inframe_ins",0
"TCGA-G4-6322-01A-11D-1719-10","FS",0
"TCGA-G4-6322-01A-11D-1719-10","inframe_del",0
"TCGA-G4-6323-01A-11D-1719-10","inframe_ins",0
"TCGA-G4-6323-01A-11D-1719-10","inframe_del",0
"TCGA-G4-6323-01A-11D-1719-10","FS",0
"TCGA-G4-6586-01A-11D-1771-10","inframe_ins",0
"TCGA-G4-6588-01A-11D-1771-10","inframe_ins",0
"TCGA-G4-6625-01A-21D-1771-10","inframe_del",0
"TCGA-G4-6625-01A-21D-1771-10","inframe_ins",0
"TCGA-G4-6625-01A-21D-1771-10","FS",0
"TCGA-G4-6626-01A-11D-1771-10","FS",0
"TCGA-G4-6626-01A-11D-1771-10","inframe_del",0
"TCGA-G4-6626-01A-11D-1771-10","inframe_ins",0
"TCGA-G4-6627-01A-11D-2188-10","inframe_ins",0
"TCGA-G4-6627-01A-11D-2188-10","FS",0
"TCGA-G4-6627-01A-11D-2188-10","missense",0
"TCGA-G4-6627-01A-11D-2188-10","inframe_del",0
"TCGA-G4-6628-01A-11D-1835-10","inframe_del",0
"TCGA-G4-6628-01A-11D-1835-10","inframe_ins",0
"TCGA-G5-6233-01A-11D-1733-10","inframe_del",0
"TCGA-G5-6233-01A-11D-1733-10","FS",0
"TCGA-G5-6233-01A-11D-1733-10","inframe_ins",0
"TCGA-G5-6235-01A-11D-1733-10","missense",0
"TCGA-G5-6235-01A-11D-1733-10","inframe_ins",0
"TCGA-G5-6235-01A-11D-1733-10","FS",0
"TCGA-G5-6235-01A-11D-1733-10","inframe_del",0
"TCGA-G5-6572-01A-11D-1826-10","inframe_del",0
"TCGA-G5-6572-01A-11D-1826-10","inframe_ins",0
"TCGA-G5-6572-01A-11D-1826-10","FS",0
"TCGA-G5-6641-01A-11D-1826-10","missense",0
"TCGA-G5-6641-01A-11D-1826-10","inframe_del",0
"TCGA-G5-6641-01A-11D-1826-10","inframe_ins",0
"TCGA-G5-6641-01A-11D-1826-10","FS",0
"TCGA-NH-A50T-01A-11D-A28G-10","inframe_ins",0
"TCGA-NH-A50T-01A-11D-A28G-10","inframe_del",0
"TCGA-NH-A50U-01A-33D-A36X-10","inframe_del",0
"TCGA-NH-A50U-01A-33D-A36X-10","FS",0
"TCGA-NH-A50U-01A-33D-A36X-10","inframe_ins",0
"TCGA-NH-A50V-01A-11D-A28G-10","inframe_del",0
"TCGA-NH-A50V-01A-11D-A28G-10","inframe_ins",0
"TCGA-NH-A5IV-01A-42D-A36X-10","inframe_ins",0
"TCGA-NH-A6GA-01A-11D-A36X-10","FS",0
"TCGA-NH-A6GA-01A-11D-A36X-10","inframe_del",0
"TCGA-NH-A6GA-01A-11D-A36X-10","inframe_ins",0
"TCGA-NH-A6GB-01A-11D-A36X-10","inframe_ins",0
"TCGA-NH-A6GB-01A-11D-A36X-10","inframe_del",0
"TCGA-NH-A6GC-01A-12D-A40P-10","inframe_del",0
"TCGA-NH-A6GC-01A-12D-A40P-10","inframe_ins",0
"TCGA-NH-A8F8-01A-72D-A40P-10","inframe_del",0
"TCGA-NH-A8F8-01A-72D-A40P-10","inframe_ins",0
"TCGA-QG-A5YV-01A-11D-A28G-10","inframe_del",0
"TCGA-QG-A5YV-01A-11D-A28G-10","inframe_ins",0
"TCGA-QG-A5YW-01A-11D-A28G-10","inframe_del",0
"TCGA-QG-A5YW-01A-11D-A28G-10","FS",0
"TCGA-QG-A5YW-01A-11D-A28G-10","inframe_ins",0
"TCGA-QG-A5YX-01A-11D-A28G-10","inframe_ins",0
"TCGA-QG-A5YX-01A-11D-A28G-10","inframe_del",0
"TCGA-QG-A5Z1-01A-11D-A28G-10","inframe_del",0
"TCGA-QG-A5Z1-01A-11D-A28G-10","inframe_ins",0
"TCGA-QG-A5Z2-01A-11D-A28G-10","inframe_ins",0
"TCGA-QG-A5Z2-01A-11D-A28G-10","inframe_del",0
"TCGA-QL-A97D-01A-12D-A40P-10","FS",0
"TCGA-QL-A97D-01A-12D-A40P-10","inframe_del",0
"TCGA-QL-A97D-01A-12D-A40P-10","inframe_ins",0
"TCGA-RU-A8FL-01A-11D-A36X-10","inframe_ins",0
"TCGA-SS-A7HO-01A-21D-A36X-10","inframe_del",0
"TCGA-SS-A7HO-01A-21D-A36X-10","inframe_ins",0
"TCGA-T9-A92H-01A-11D-A36X-10","inframe_ins",0
"TCGA-T9-A92H-01A-11D-A36X-10","inframe_del",0
"TCGA-WS-AB45-01A-11D-A40P-10","inframe_ins",0
